name;artist;album;release_date;duration_ms;popularity;genres;YouTube_Title;YouTube_URL;downloaded
Glue;BICEP;Bicep;01/09/2017;269149;70;['electronica', 'ambient house'];BICEP | GLUE (Official Video);https://www.youtube.com/watch?v=A7ZxRs45tTg;True
Because You Move Me;Tinlicker, Helsloot;Because You Move Me;31/07/2017;196375;75;['melodic house', 'house'];Tinlicker & Helsloot - Because You Move Me;https://www.youtube.com/watch?v=q-e8-kaWDvI;True
BLUEBERRY YUM YUM;BHZ, Monk, Dead Dawg, Big Pat;HALB:VIER DELUXE;16/07/2021;232844;0;['german alternative rap', 'german trap', 'german hip hop'];BLUEBERRY YUM YUM;https://www.youtube.com/watch?v=VNJmhXQoB0Q;True
Crimewave;Crystal Castles, HEALTH;Crystal Castles;16/03/2008;258453;62;['nintendocore', 'bitpop', 'indietronica', 'neo-synthpop', 'grave wave', 'new rave', 'noise rock', 'digital hardcore', 'metropopolis', 'alternative dance', 'noise pop'];Crystal Castles - Crimewave (Crystal Castles vs. Health);https://www.youtube.com/watch?v=ayc4Nv1fnZY;True
Overthinker;INZO;Overthinker;23/07/2018;268000;4;[];INZO - Overthinker;https://www.youtube.com/watch?v=luQSQuCHtcI;True
Guardian;SpectraSoul;4 Points / Guardian;23/11/2009;357053;20;['neurofunk', 'liquid funk', 'drum and bass'];Guardian;https://www.youtube.com/watch?v=lCs9ZyWxWWo;True
Tink Ya Bad - Remix;G Dub, Lindo P;Back in Business / Tink Ya Bad (Remix);18/09/2017;265757;14;['jump up'];Tink Ya Bad (Feat. Lindo P) (Remix);https://www.youtube.com/watch?v=Q_tc0EL9lNM;True
Time Tripping;DJ Hazard;Time Tripping / Digital Bumble Bees;24/06/2013;317140;30;['jump up', 'ragga jungle', 'bass house', 'drum and bass', 'jungle'];DJ Hazard - Time Tripping;https://www.youtube.com/watch?v=JXBnbHA59dY;True
Good Time;Crystal Castles;Crystal Castles;16/03/2008;175520;34;['nintendocore', 'bitpop', 'indietronica', 'neo-synthpop', 'new rave', 'digital hardcore', 'alternative dance'];Crystal Castles - Good Time;https://www.youtube.com/watch?v=SnTGSHhEOfI;True
1991;Crystal Castles;Crystal Castles;16/03/2008;113506;38;['nintendocore', 'bitpop', 'indietronica', 'neo-synthpop', 'new rave', 'digital hardcore', 'alternative dance'];Crystal Castles - 1991;https://www.youtube.com/watch?v=hYf20ovQm5g;True
Vanished;Crystal Castles;Crystal Castles;16/03/2008;242960;67;['nintendocore', 'bitpop', 'indietronica', 'neo-synthpop', 'new rave', 'digital hardcore', 'alternative dance'];Crystal Castles - Vanished;https://www.youtube.com/watch?v=6e6Hj7MwWaI;True
Stop It;FISHER;Oi Oi;10/11/2017;163790;3;['australian house', 'house'];FISHER - Stop It;https://www.youtube.com/watch?v=KBDTXl9gD3o;True
Cola;CamelPhat, Elderbrook;Cola;16/06/2017;223869;68;['deep tech house', 'uk dance', 'house', 'progressive house'];CamelPhat & Elderbrook 'Cola' (Official Video);https://www.youtube.com/watch?v=LcNXG-6SqWA;True
You See;We Are Nuts!;You See;19/12/2016;284160;17;[];We Are Nuts! - You See;https://www.youtube.com/watch?v=VQcM06ANeck;True
Sad;UNLOGIX;Sad;15/12/2014;260374;39;[];Sad;https://www.youtube.com/watch?v=3Mw_Htu_e7k;True
Rave;Sam Paganini;Satellite;29/09/2014;405699;12;['deep minimal techno', 'minimal techno', 'italian techno'];Sam Paganini - Rave (Original Mix) [DRUMCODE];https://www.youtube.com/watch?v=WWuDiwr30SI;True
I Think I Like It - Original Mix;Fake Blood;I Think I Like It;26/02/2010;336562;20;['fidget house'];Fake Blood - I Think I Like It;https://www.youtube.com/watch?v=SaoT_ULWJZk;True
Her;Dustycloud;Her;29/08/2017;289933;18;['electro house', 'bass house'];Dustycloud - Her;https://www.youtube.com/watch?v=PmnQnT93_vk;True
Techno;Destructo;Techno;21/09/2015;225306;35;['electro house', 'bass house'];The Private Pain of Techno Destructo;https://www.youtube.com/watch?v=tqVaQpdX7ds;True
La Espanolita;UNLOGIX;La Espanolita;14/01/2016;270080;0;[];Unlogix - La espanolita   ( Unlogix - remix );https://www.youtube.com/watch?v=wVBz0iiox4k;True
Ya Kidding;FISHER;Ya Kidding;30/06/2017;238080;1;['australian house', 'house'];FISHER - Ya Kidding;https://www.youtube.com/watch?v=Om3z8zvNKdY;True
Riverside 2099;Oliver Heldens, Sidney Samson;Riverside 2099;06/07/2018;234533;45;['edm', 'electro house', 'dutch house', 'melbourne bounce', 'future house', 'progressive house', 'progressive electro house', 'house', 'pop dance'];Oliver Heldens & Sidney Samson - Riverside 2099 (Official Music Video);https://www.youtube.com/watch?v=iGdeqAHbCEU;True
Losing It;FISHER;Losing It;13/07/2018;248035;70;['australian house', 'house'];FISHER - Losing It (Official Audio);https://www.youtube.com/watch?v=u31thuMehjM;True
Take It;Dom Dolla;Take It;27/07/2018;234440;60;['deep groove house', 'australian house', 'house'];Dom Dolla - Take It (Official Music Video);https://www.youtube.com/watch?v=uluaU17xFkc;True
Celestica;Crystal Castles;Crystal Castles (II);01/01/2010;230093;0;['nintendocore', 'bitpop', 'indietronica', 'neo-synthpop', 'new rave', 'digital hardcore', 'alternative dance'];Crystal Castles - Celestica;https://www.youtube.com/watch?v=IsxNUl1IHnE;True
Empathy;Crystal Castles;Crystal Castles (II);01/01/2010;251106;0;['nintendocore', 'bitpop', 'indietronica', 'neo-synthpop', 'new rave', 'digital hardcore', 'alternative dance'];Crystal Castles - Empathy (Lyrics);https://www.youtube.com/watch?v=MyD-RvjXizo;True
Vietnam;Crystal Castles;Crystal Castles (II);01/01/2010;308240;0;['nintendocore', 'bitpop', 'indietronica', 'neo-synthpop', 'new rave', 'digital hardcore', 'alternative dance'];Crystal Castles - Vietnam;https://www.youtube.com/watch?v=V3e90yExv38;True
Circles;Digitalism;I Love You, Dude;15/06/2011;227520;25;['electronica', 'indietronica', 'neo-synthpop', 'new rave', 'dance-punk', 'alternative dance'];Digitalism - Circles;https://www.youtube.com/watch?v=xqw6u1cSZB8;True
Big Joint - Original Mix;Mandragora, LIL NINJA;Big Joint;27/09/2016;292058;20;['mexican edm', 'brazilian edm', 'trance mexicano'];Big Joint (Original Mix);https://www.youtube.com/watch?v=kIOj_Rpz70o;True
F O R C E / I M P U L S E;1788-L;S E N T I E N C E;24/08/2018;218666;15;['electro house', 'dark clubbing', 'brostep'];1788-L - FORCE/IMPULSE;https://www.youtube.com/watch?v=6LdQAMYeBCo;True
Anarchy;Delta Heavy, Everyone You Know;Only In Dreams;22/03/2019;218057;0;['london indie', 'filthstep', 'brostep', 'drum and bass'];Delta Heavy x Everyone You Know - Anarchy;https://www.youtube.com/watch?v=ohGiZ1QVJok;True
Spin It;JVST SAY YES;Spin It;07/09/2018;172500;0;['electro house', 'gaming dubstep', 'bass house', 'brostep'];JVST SAY YES - Spin It (Official Video);https://www.youtube.com/watch?v=emg0kiQJqtI;True
Cash Money;Malaa;Cash Money;13/09/2018;241951;0;['edm', 'brostep', 'electro house', 'electronic trap', 'bass house', 'house'];Malaa - Cash Money (Official Audio);https://www.youtube.com/watch?v=KAYv9qGxijk;True
In The Zone;Jauz, Example;In The Zone;23/03/2018;195625;0;['hip house', 'edm', 'brostep', 'electro house', 'uk dance'];Jauz Ft. Example - In The Zone (Official Music Video);https://www.youtube.com/watch?v=Z4xDo2M8aVQ;True
Kung Fu;Dr. Fresch, BIJOU;Gangsta Party EP;25/01/2019;179824;2;['electro house', 'tech house', 'bass house'];Dr. Fresch & BIJOU - Kung Fu;https://www.youtube.com/watch?v=3kcdjQdSgcs;True
Gallina y Cocaina;John PollÃÂÃÂÃÂÃÂÃÂÃÂÃÂÃÂÃÂÃÂÃÂÃÂÃÂÃÂÃÂÃÂÃÂÃÂÃÂÃÂÃÂÃÂÃÂÃÂÃÂÃÂÃÂÃÂÃÂÃÂÃÂÃÂÃÂÃÂÃÂÃÂÃÂÃÂÃÂÃÂÃÂÃÂÃÂÃÂÃÂÃÂÃÂÃÂÃÂÃÂÃÂÃÂÃÂÃÂÃÂÃÂÃÂÃÂÃÂÃÂÃÂÃÂÃÂÃÂµn, Parkineos;Gallina y Cocaina;30/09/2021;202903;0;['urbano espanol'];La Gallina;https://www.youtube.com/watch?v=ncdTUj5DRco;True
Pogo;Digitalism;Idealism;09/05/2007;226466;5;['electronica', 'indietronica', 'neo-synthpop', 'new rave', 'dance-punk', 'alternative dance'];Digitalism - Pogo;https://www.youtube.com/watch?v=cZvt23iBVVo;True
JPEG;Digitalism;JPEG;06/12/2019;171866;37;['electronica', 'indietronica', 'neo-synthpop', 'new rave', 'dance-punk', 'alternative dance'];JPEG;https://www.youtube.com/watch?v=Znv_aMZXZQM;True
Illusion;Digitalism;Illusion;26/11/2021;310452;14;['electronica', 'indietronica', 'neo-synthpop', 'new rave', 'dance-punk', 'alternative dance'];DIGITALISM - ILLUSION;https://www.youtube.com/watch?v=fXelOAfzsVM;True
Zdarlight;Digitalism;Idealism;09/05/2007;340773;1;['electronica', 'indietronica', 'neo-synthpop', 'new rave', 'dance-punk', 'alternative dance'];Digitalism - Zdarlight;https://www.youtube.com/watch?v=tRgRbWFr9Mg;True
Battlecry;Digitalism;Mirage;13/05/2016;259013;12;['electronica', 'indietronica', 'neo-synthpop', 'new rave', 'dance-punk', 'alternative dance'];Digitalism - Battlecry;https://www.youtube.com/watch?v=gZq_jru-sFM;True
No Cash;Digitalism;Mirage;13/05/2016;350320;4;['electronica', 'indietronica', 'neo-synthpop', 'new rave', 'dance-punk', 'alternative dance'];Digitalism - No Cash;https://www.youtube.com/watch?v=NF6i5dAjEfM;True
Arena;Digitalism;Mirage;13/05/2016;180960;8;['electronica', 'indietronica', 'neo-synthpop', 'new rave', 'dance-punk', 'alternative dance'];Digitalism - Arena;https://www.youtube.com/watch?v=4vjrr24d0q0;True
Panic Attack;Echonomist, Jenia Tarsol;Panic Attack;15/10/2021;389500;0;['greek house'];Echonomist & Jenia Tarsol - Panic Attack;https://www.youtube.com/watch?v=k__U5vG1xFA;True
LetÃÂÃÂÃÂÃÂÃÂÃÂÃÂÃÂÃÂÃÂÃÂÃÂÃÂÃÂÃÂÃÂÃÂÃÂÃÂÃÂÃÂÃÂÃÂÃÂÃÂÃÂÃÂÃÂÃÂÃÂÃÂÃÂ¢ÃÂÃÂÃÂÃÂÃÂÃÂÃÂÃÂÃÂÃÂÃÂÃÂÃÂÃÂÃÂÃÂÃÂÃÂÃÂÃÂÃÂÃÂÃÂÃÂÃÂÃÂÃÂÃÂÃÂÃÂÃÂÃÂÃÂÃÂÃÂÃÂÃÂÃÂÃÂÃÂÃÂÃÂÃÂÃÂÃÂÃÂÃÂÃÂÃÂÃÂÃÂÃÂÃÂÃÂÃÂÃÂÃÂÃÂÃÂÃÂÃÂÃÂÃÂÃÂs Go;Stuck in the Sound;Pursuit;30/01/2012;211453;56;['french rock', 'rock independant francais'];Stuck in the Sound - Let's Go [Video Oficial];https://www.youtube.com/watch?v=52Gg9CqhbP8;True
Fractals - Digitalism Remix;QRTR, Digitalism;infina ad nausea: the remixes [international disco pack];07/01/2022;307358;0;['electronica', 'indietronica', 'neo-synthpop', 'new rave', 'dance-punk', 'alternative dance', 'nyc club'];Fractals (Digitalism Remix);https://www.youtube.com/watch?v=0H01OhVhZnU;True
Panavision;Digitalism;JPEG_complete;21/05/2021;272573;9;['electronica', 'indietronica', 'neo-synthpop', 'new rave', 'dance-punk', 'alternative dance'];Panavision;https://www.youtube.com/watch?v=WQGszi_nnyw;True
Olympia;Digitalism;JPEG_complete;21/05/2021;250906;6;['electronica', 'indietronica', 'neo-synthpop', 'new rave', 'dance-punk', 'alternative dance'];Digitalism - Olympia;https://www.youtube.com/watch?v=n5dCl4nMKEw;True
In Heat. - Spooki Remix;Spooki, Hentai Xander;In Heat. (Spooki Remix);05/07/2021;332347;0;[];Hentai Xander - In Heat. (Spooki Remix);https://www.youtube.com/watch?v=aW3CEoihYCk;True
Bangarang (feat. Sirah);Skrillex, Sirah;Bangarang EP;27/12/2011;215253;66;['complextro', 'edm', 'brostep', 'electro', 'pop dance'];SKRILLEX - Bangarang feat. Sirah [Official Music Video];https://www.youtube.com/watch?v=YJVmu6yttiw;True
Drink Ist Kalt;BHZ, Ion Miles, Big Pat, Longus Mongus;halb:vier;18/06/2021;187542;0;['german alternative rap', 'german cloud rap', 'german hip hop'];BHZ - DRINK IST KALT (Prod. by MotB, Themba, Jaynu Vega & Sami);https://www.youtube.com/watch?v=45OgZnmRnss;True
Speeddance - Antonio Gram Remix;Reptile Youth, Esben VallÃÂÃÂÃÂÃÂÃÂÃÂÃÂÃÂÃÂÃÂÃÂÃÂÃÂÃÂÃÂÃÂÃÂÃÂÃÂÃÂÃÂÃÂÃÂÃÂÃÂÃÂÃÂÃÂÃÂÃÂÃÂÃÂÃÂÃÂÃÂÃÂÃÂÃÂÃÂÃÂÃÂÃÂÃÂÃÂÃÂÃÂÃÂÃÂÃÂÃÂÃÂÃÂÃÂÃÂÃÂÃÂÃÂÃÂÃÂÃÂÃÂÃÂÃÂÃÂ¸e;Remixed;06/05/2013;448278;0;['danish alternative rock'];Reptile Youth: Speeddance (Antonio Gram Remix);https://www.youtube.com/watch?v=BREoVV_m3kQ;True
Healing;COMPUTER DATA;Emotional Shift;22/11/2018;375000;45;[];COMPUTER DATA - healing;https://www.youtube.com/watch?v=NVEdr0OO_4U;True
Papi;DJ Gigola, Kev Koko;Tender Trance;14/06/2019;295258;1;['neue neue deutsche welle'];DJ Gigola & Kev Koko ÃÂÃÂÃÂÃÂÃÂÃÂÃÂÃÂÃÂÃÂÃÂÃÂÃÂÃÂÃÂÃÂÃÂÃÂÃÂÃÂÃÂÃÂÃÂÃÂÃÂÃÂÃÂÃÂÃÂÃÂÃÂÃÂ Papi [LFEK005];https://www.youtube.com/watch?v=F_mGxzmZK-c;True
The Soul Condor;Curry & Krawall;The Soul Condor (Remixes);13/05/2016;374400;31;[];Curry & Krawall - The Soul Condor;https://www.youtube.com/watch?v=8w5QrkrR4N0;True
Guess Who Just Rolled Back into Town;Does It Offend You, Yeah?;Guess Who Just Rolled Back into Town;02/05/2022;208415;18;['new rave', 'electronic rock', 'dance-punk', 'reading indie', 'alternative dance'];GUESS WHO JUST ROLLED BACK INTO TOWN;https://www.youtube.com/watch?v=bVh3Ty-498E;True
Wolves - Instrumental;Digitalism;Wolves (Instrumental);12/05/2014;283439;8;['electronica', 'indietronica', 'neo-synthpop', 'new rave', 'dance-punk', 'alternative dance'];Digitalism - Wolves;https://www.youtube.com/watch?v=YUJJXnSp5Xk;True
LOVE WILL GUIDE YOU;Shinichi Osawa, Tommie Sunshine;SO2;30/06/2010;338800;16;['japanese jazztronica', 'electro house', 'melbourne bounce'];Shinichi Osawa / LOVE WILL GUIDE YOU feat.TOMMIE SUNSHINE;https://www.youtube.com/watch?v=Xxbez10aIYY;True
One In a Million (Club Version);Data;One In a Million - EP;27/04/2009;338779;12;['electrofox', 'filter house'];DATA - One In A Million (Club Mix);https://www.youtube.com/watch?v=-ajxU2QnGRo;True
Couldn't Have Known;!!!;Wallop;30/08/2019;215111;0;['neo-synthpop', 'new rave', 'dance rock', 'sacramento indie', 'dance-punk', 'alternative dance'];!!! (Chk Chk Chk) - Couldn't Have Known;https://www.youtube.com/watch?v=nSzCG2xeUMw;True
engravings;Ethan Bortnick;engravings;24/06/2022;173466;0;[];Ethan Bortnick - engravings (Official Video);https://www.youtube.com/watch?v=7xWVhAOd-6U;True
Nightshade;Blood Orchid;Nightshade;02/12/2019;152920;34;[];Nightshade;https://www.youtube.com/watch?v=0FIcDJYmDUI;True
All Stars;Grafton Primary;Eon;13/09/2008;263960;30;['new rave', 'alternative dance'];All Stars - Grafton Primary;https://www.youtube.com/watch?v=rXijEFrHQkg;True
I DON'T CARE;ÃÂÃÂÃÂÃÂÃÂÃÂÃÂÃÂÃÂÃÂÃÂÃÂÃÂÃÂÃÂÃÂÃÂÃÂÃÂÃÂÃÂÃÂÃÂÃÂÃÂÃÂÃÂÃÂÃÂÃÂÃÂÃÂ«ÃÂÃÂÃÂÃÂÃÂÃÂÃÂÃÂÃÂÃÂÃÂÃÂÃÂÃÂÃÂÃÂÃÂÃÂÃÂÃÂÃÂÃÂÃÂÃÂÃÂÃÂÃÂÃÂÃÂÃÂÃÂÃÂ°ÃÂÃÂÃÂÃÂÃÂÃÂÃÂÃÂÃÂÃÂÃÂÃÂÃÂÃÂÃÂÃÂÃÂÃÂÃÂÃÂÃÂÃÂÃÂÃÂÃÂÃÂÃÂÃÂÃÂÃÂÃÂÃÂÃÂÃÂÃÂÃÂÃÂÃÂÃÂÃÂÃÂÃÂÃÂÃÂÃÂÃÂÃÂÃÂÃÂÃÂÃÂÃÂÃÂÃÂÃÂÃÂÃÂÃÂÃÂÃÂÃÂÃÂÃÂÃÂ­ÃÂÃÂÃÂÃÂÃÂÃÂÃÂÃÂÃÂÃÂÃÂÃÂÃÂÃÂÃÂÃÂÃÂÃÂÃÂÃÂÃÂÃÂÃÂÃÂÃÂÃÂÃÂÃÂÃÂÃÂÃÂÃÂÃÂÃÂÃÂÃÂÃÂÃÂÃÂÃÂÃÂÃÂÃÂÃÂÃÂÃÂÃÂÃÂÃÂÃÂÃÂÃÂÃÂÃÂÃÂÃÂÃÂÃÂÃÂÃÂÃÂÃÂÃÂÃÂÃÂÃÂÃÂÃÂÃÂÃÂÃÂÃÂÃÂÃÂÃÂÃÂÃÂÃÂÃÂÃÂÃÂÃÂÃÂÃÂÃÂÃÂÃÂÃÂÃÂÃÂÃÂÃÂÃÂÃÂÃÂÃÂ¬ÃÂÃÂÃÂÃÂÃÂÃÂÃÂÃÂÃÂÃÂÃÂÃÂÃÂÃÂÃÂÃÂÃÂÃÂÃÂÃÂÃÂÃÂÃÂÃÂÃÂÃÂÃÂÃÂÃÂÃÂÃÂÃÂ§ÃÂÃÂÃÂÃÂÃÂÃÂÃÂÃÂÃÂÃÂÃÂÃÂÃÂÃÂÃÂÃÂÃÂÃÂÃÂÃÂÃÂÃÂÃÂÃÂÃÂÃÂÃÂÃÂÃÂÃÂÃÂÃÂ Park Hye Jin;IF U WANT IT;13/12/2018;340660;41;['korean dream pop'];I DON'T CARE;https://www.youtube.com/watch?v=mJGip45aye4;True
IF U WANT IT;ÃÂÃÂÃÂÃÂÃÂÃÂÃÂÃÂÃÂÃÂÃÂÃÂÃÂÃÂÃÂÃÂÃÂÃÂÃÂÃÂÃÂÃÂÃÂÃÂÃÂÃÂÃÂÃÂÃÂÃÂÃÂÃÂ«ÃÂÃÂÃÂÃÂÃÂÃÂÃÂÃÂÃÂÃÂÃÂÃÂÃÂÃÂÃÂÃÂÃÂÃÂÃÂÃÂÃÂÃÂÃÂÃÂÃÂÃÂÃÂÃÂÃÂÃÂÃÂÃÂ°ÃÂÃÂÃÂÃÂÃÂÃÂÃÂÃÂÃÂÃÂÃÂÃÂÃÂÃÂÃÂÃÂÃÂÃÂÃÂÃÂÃÂÃÂÃÂÃÂÃÂÃÂÃÂÃÂÃÂÃÂÃÂÃÂÃÂÃÂÃÂÃÂÃÂÃÂÃÂÃÂÃÂÃÂÃÂÃÂÃÂÃÂÃÂÃÂÃÂÃÂÃÂÃÂÃÂÃÂÃÂÃÂÃÂÃÂÃÂÃÂÃÂÃÂÃÂÃÂ­ÃÂÃÂÃÂÃÂÃÂÃÂÃÂÃÂÃÂÃÂÃÂÃÂÃÂÃÂÃÂÃÂÃÂÃÂÃÂÃÂÃÂÃÂÃÂÃÂÃÂÃÂÃÂÃÂÃÂÃÂÃÂÃÂÃÂÃÂÃÂÃÂÃÂÃÂÃÂÃÂÃÂÃÂÃÂÃÂÃÂÃÂÃÂÃÂÃÂÃÂÃÂÃÂÃÂÃÂÃÂÃÂÃÂÃÂÃÂÃÂÃÂÃÂÃÂÃÂÃÂÃÂÃÂÃÂÃÂÃÂÃÂÃÂÃÂÃÂÃÂÃÂÃÂÃÂÃÂÃÂÃÂÃÂÃÂÃÂÃÂÃÂÃÂÃÂÃÂÃÂÃÂÃÂÃÂÃÂÃÂÃÂ¬ÃÂÃÂÃÂÃÂÃÂÃÂÃÂÃÂÃÂÃÂÃÂÃÂÃÂÃÂÃÂÃÂÃÂÃÂÃÂÃÂÃÂÃÂÃÂÃÂÃÂÃÂÃÂÃÂÃÂÃÂÃÂÃÂ§ÃÂÃÂÃÂÃÂÃÂÃÂÃÂÃÂÃÂÃÂÃÂÃÂÃÂÃÂÃÂÃÂÃÂÃÂÃÂÃÂÃÂÃÂÃÂÃÂÃÂÃÂÃÂÃÂÃÂÃÂÃÂÃÂ Park Hye Jin;IF U WANT IT;13/12/2018;226341;27;['korean dream pop'];IF U WANT IT (official audio);https://www.youtube.com/watch?v=9Vs8tKXCqaM;True
Come Check This;FETISH;Come Check This;2020;191904;49;[];FETISH - Come Check This;https://www.youtube.com/watch?v=ZLtACqqXjts;True
The Perfect Girl;Mareux;The Perfect Girl;08/12/2021;194423;76;['dark synthpop'];Mareux - The Perfect Girl (Official Music Video);https://www.youtube.com/watch?v=q7qdpyjHyNk;True
Spaceship;Soto Asa;Spaceship;06/10/2022;188923;26;['urbano espanol'];Soto Asa - Spaceship (Videoclip);https://www.youtube.com/watch?v=A2vyQ9zziqk;True
I Took A Pill In Ibiza - Seeb Remix;Mike Posner, Seeb;At Night, Alone.;06/05/2016;197933;62;['dance pop', 'pop', 'pop rap', 'pop dance'];Mike Posner - I Took A Pill In Ibiza (Seeb Remix) (Explicit);https://www.youtube.com/watch?v=foE1mO2yM04;True
Fluorescent;Pet Shop Boys;Electric;15/07/2013;374805;0;['new wave pop', 'synthpop', 'dance rock', 'new romantic', 'new wave', 'permanent wave'];Pet Shop Boys - Fluorescent (Audio);https://www.youtube.com/watch?v=mQlS5iprNRU;True
Stop Taking My Time;Club 8;Above the City;01/01/2013;170786;7;['swedish indie pop'];"Club 8 ""Stop Taking My Time""";https://www.youtube.com/watch?v=oG6qtjvjrdI;True
I'm Good (Blue);David Guetta, Bebe Rexha;I'm Good (Blue);26/08/2022;175238;85;['edm', 'dance pop', 'pop', 'big room', 'pop dance'];David Guetta & Bebe Rexha - I'm Good (Blue) [Official Music Video];https://www.youtube.com/watch?v=90RLzVUuXe4;True
Don't You Worry Child - Radio Edit;Swedish House Mafia, John Martin;Don't You Worry Child;14/09/2012;212862;78;['pop dance', 'progressive electro house', 'pop edm', 'edm'];Swedish House Mafia ft. John Martin - Don't You Worry Child (Official Video);https://www.youtube.com/watch?v=1y6smkh6c-0;True
On My Knees;RÃÂÃÂÃÂÃÂÃÂÃÂÃÂÃÂÃÂÃÂÃÂÃÂÃÂÃÂÃÂÃÂÃÂÃÂÃÂÃÂÃÂÃÂÃÂÃÂÃÂÃÂÃÂÃÂÃÂÃÂÃÂÃÂÃÂÃÂÃÂÃÂÃÂÃÂÃÂÃÂÃÂÃÂÃÂÃÂÃÂÃÂÃÂÃÂÃÂÃÂÃÂÃÂÃÂÃÂÃÂÃÂÃÂÃÂÃÂÃÂÃÂÃÂÃÂÃÂFÃÂÃÂÃÂÃÂÃÂÃÂÃÂÃÂÃÂÃÂÃÂÃÂÃÂÃÂÃÂÃÂÃÂÃÂÃÂÃÂÃÂÃÂÃÂÃÂÃÂÃÂÃÂÃÂÃÂÃÂÃÂÃÂÃÂÃÂÃÂÃÂÃÂÃÂÃÂÃÂÃÂÃÂÃÂÃÂÃÂÃÂÃÂÃÂÃÂÃÂÃÂÃÂÃÂÃÂÃÂÃÂÃÂÃÂÃÂÃÂÃÂÃÂÃÂÃÂS DU SOL;Surrender;21/10/2021;261001;68;['australian electropop', 'indietronica'];RÃÂÃÂÃÂÃÂÃÂÃÂÃÂÃÂÃÂÃÂÃÂÃÂÃÂÃÂÃÂÃÂÃÂÃÂÃÂÃÂÃÂÃÂÃÂÃÂÃÂÃÂÃÂÃÂÃÂÃÂÃÂÃÂÃÂÃÂÃÂÃÂÃÂÃÂÃÂÃÂÃÂÃÂÃÂÃÂÃÂÃÂÃÂÃÂÃÂÃÂÃÂÃÂÃÂÃÂÃÂÃÂÃÂÃÂÃÂÃÂÃÂÃÂÃÂÃÂFÃÂÃÂÃÂÃÂÃÂÃÂÃÂÃÂÃÂÃÂÃÂÃÂÃÂÃÂÃÂÃÂÃÂÃÂÃÂÃÂÃÂÃÂÃÂÃÂÃÂÃÂÃÂÃÂÃÂÃÂÃÂÃÂÃÂÃÂÃÂÃÂÃÂÃÂÃÂÃÂÃÂÃÂÃÂÃÂÃÂÃÂÃÂÃÂÃÂÃÂÃÂÃÂÃÂÃÂÃÂÃÂÃÂÃÂÃÂÃÂÃÂÃÂÃÂÃÂS DU SOL - On My Knees (Official Music Video);https://www.youtube.com/watch?v=y7fudcFIlZs;True
People & Machines;Digitalism;People & Machines;14/10/2022;299935;8;['electronica', 'indietronica', 'neo-synthpop', 'new rave', 'dance-punk', 'alternative dance'];Digitalism - People & Machines;https://www.youtube.com/watch?v=E1c2d5z1Ccc;True
Double Bass;Gorillaz;Gorillaz;26/03/2001;286933;42;['modern rock', 'alternative hip hop', 'rock'];Gorillaz - Double Bass - Gorillaz;https://www.youtube.com/watch?v=_ONnnlhrM-g;True
Dreamscape;009 Sound System;009 Sound System;2010;277489;48;['dream trance'];Trance - 009 Sound System Dreamscape (HD);https://www.youtube.com/watch?v=TKfS5zVfGBc;True
You Were Right;RÃÂÃÂÃÂÃÂÃÂÃÂÃÂÃÂÃÂÃÂÃÂÃÂÃÂÃÂÃÂÃÂÃÂÃÂÃÂÃÂÃÂÃÂÃÂÃÂÃÂÃÂÃÂÃÂÃÂÃÂÃÂÃÂÃÂÃÂÃÂÃÂÃÂÃÂÃÂÃÂÃÂÃÂÃÂÃÂÃÂÃÂÃÂÃÂÃÂÃÂÃÂÃÂÃÂÃÂÃÂÃÂÃÂÃÂÃÂÃÂÃÂÃÂÃÂÃÂFÃÂÃÂÃÂÃÂÃÂÃÂÃÂÃÂÃÂÃÂÃÂÃÂÃÂÃÂÃÂÃÂÃÂÃÂÃÂÃÂÃÂÃÂÃÂÃÂÃÂÃÂÃÂÃÂÃÂÃÂÃÂÃÂÃÂÃÂÃÂÃÂÃÂÃÂÃÂÃÂÃÂÃÂÃÂÃÂÃÂÃÂÃÂÃÂÃÂÃÂÃÂÃÂÃÂÃÂÃÂÃÂÃÂÃÂÃÂÃÂÃÂÃÂÃÂÃÂS DU SOL;Bloom;22/01/2016;239417;46;['australian electropop', 'indietronica'];RÃÂÃÂÃÂÃÂÃÂÃÂÃÂÃÂÃÂÃÂÃÂÃÂÃÂÃÂÃÂÃÂÃÂÃÂÃÂÃÂÃÂÃÂÃÂÃÂÃÂÃÂÃÂÃÂÃÂÃÂÃÂÃÂÃÂÃÂÃÂÃÂÃÂÃÂÃÂÃÂÃÂÃÂÃÂÃÂÃÂÃÂÃÂÃÂÃÂÃÂÃÂÃÂÃÂÃÂÃÂÃÂÃÂÃÂÃÂÃÂÃÂÃÂÃÂÃÂFÃÂÃÂÃÂÃÂÃÂÃÂÃÂÃÂÃÂÃÂÃÂÃÂÃÂÃÂÃÂÃÂÃÂÃÂÃÂÃÂÃÂÃÂÃÂÃÂÃÂÃÂÃÂÃÂÃÂÃÂÃÂÃÂÃÂÃÂÃÂÃÂÃÂÃÂÃÂÃÂÃÂÃÂÃÂÃÂÃÂÃÂÃÂÃÂÃÂÃÂÃÂÃÂÃÂÃÂÃÂÃÂÃÂÃÂÃÂÃÂÃÂÃÂÃÂÃÂS DU SOL ÃÂÃÂÃÂÃÂÃÂÃÂÃÂÃÂÃÂÃÂÃÂÃÂÃÂÃÂÃÂÃÂÃÂÃÂÃÂÃÂÃÂÃÂÃÂÃÂÃÂÃÂÃÂÃÂÃÂÃÂÃÂÃÂ¢ÃÂÃÂÃÂÃÂÃÂÃÂÃÂÃÂÃÂÃÂÃÂÃÂÃÂÃÂÃÂÃÂÃÂÃÂÃÂÃÂÃÂÃÂÃÂÃÂÃÂÃÂÃÂÃÂÃÂÃÂÃÂÃÂÃÂÃÂÃÂÃÂÃÂÃÂÃÂÃÂÃÂÃÂÃÂÃÂÃÂÃÂÃÂÃÂÃÂÃÂÃÂÃÂÃÂÃÂÃÂÃÂÃÂÃÂÃÂÃÂÃÂÃÂÃÂÃÂÃÂÃÂÃÂÃÂÃÂÃÂÃÂÃÂÃÂÃÂÃÂÃÂÃÂÃÂÃÂÃÂÃÂÃÂÃÂÃÂÃÂÃÂÃÂÃÂÃÂÃÂÃÂÃÂÃÂÃÂÃÂÃÂ¢ÃÂÃÂÃÂÃÂÃÂÃÂÃÂÃÂÃÂÃÂÃÂÃÂÃÂÃÂÃÂÃÂÃÂÃÂÃÂÃÂÃÂÃÂÃÂÃÂÃÂÃÂÃÂÃÂÃÂÃÂÃÂÃÂÃÂÃÂÃÂÃÂÃÂÃÂÃÂÃÂÃÂÃÂÃÂÃÂÃÂÃÂÃÂÃÂÃÂÃÂÃÂÃÂÃÂÃÂÃÂÃÂÃÂÃÂÃÂÃÂÃÂÃÂÃÂÃÂ You Were Right [Official Video];https://www.youtube.com/watch?v=Gp-lWgUDcKk;True
Stamina;Vitalic;Rave Age;05/11/2012;222426;41;['filter house', 'electronica', 'electrofox', 'electroclash', 'french techno'];"Vitalic - ""Stamina"" (Official Video)";https://www.youtube.com/watch?v=UK-lGSYKaaM;True
Boxer - Exclusive to This Product;Crookers;From Then Until Now;29/10/2012;245500;28;['fidget house'];Crookers - Boxer (Exclusive to This Product);https://www.youtube.com/watch?v=ZJXJeQJqS0o;True
1992;No_4mat;1992;16/11/2018;404998;45;[];no 4mat 1992;https://www.youtube.com/watch?v=BpZ2s1BrLHI;True
Game Over;ALEX, Rachel Mcalpine;SIMULATIONS;01/09/2018;238802;35;['cyberpunk', 'darksynth', 'synthwave'];ALEX - Game Over (feat. Rachel McAlpine);https://www.youtube.com/watch?v=4-fBDBYLVzY;True
Alicia - Single Version;M|O|O|N;Alicia;07/03/2017;568652;22;['synthwave'];M.O.O.N - Alicia (Single Version);https://www.youtube.com/watch?v=jjWGkpfUbCI;True
Navy Light - 4am Mix;Labyrinth Ear;Oak;08/03/2010;286305;40;['grave wave', 'dark synthpop'];Navy Light (4am Mix);https://www.youtube.com/watch?v=ucJ5879j91k;True
Get It Up;Sensity World;Sonido De Valencia 1990-1999;09/11/2009;332733;25;['makina', 'ruta destroy'];Sensity World - Get It Up;https://www.youtube.com/watch?v=A9xkdAQ3IeE;True
Flying Free - 20th Anniversary - Extended Version;Dj Skudero, Xavier Metralla, Marian Dacal;Flying free (20th Anniversary);29/11/2019;378374;17;['makina'];Flying Free (20th Anniversary - Extended Version);https://www.youtube.com/watch?v=iERx93ghab4;True
Down Under (feat. Colin Hay);Luude, Colin Hay;Down Under (feat. Colin Hay);19/11/2021;158774;60;['aussietronica', 'solo wave'];Luude - Down Under (Feat. Colin Hay) (Official Music Video);https://www.youtube.com/watch?v=I1xneKsFArY;True
No Fun;Armin van Buuren, The Stickmen Project;Feel Again, Pt. 1;10/06/2022;130412;33;['edm', 'dutch house', 'progressive house', 'dutch trance', 'pop dance', 'trance'];Armin van Buuren x The Stickmen Project - No Fun (Official Lyric Video);https://www.youtube.com/watch?v=tA0Tce1V4vM;True
Go Crazy;Imanbek, Lil Xan, KDDK;Go Crazy;17/12/2021;160639;30;['electro house', 'cloud rap', 'pop dance', 'slap house'];Imanbek, Lil Xan, KDDK - Go Crazy (Official Music Video);https://www.youtube.com/watch?v=HdfccmrFlrs;True
Where I Want 2 B;CID;Where I Want 2 B;13/08/2021;201908;17;['pop edm', 'edm', 'electro house', 'uk dance', 'dutch house', 'deep groove house', 'bass house', 'progressive house', 'tech house', 'progressive electro house', 'house', 'pop dance'];Where I Want 2 B;https://www.youtube.com/watch?v=fWeku_jH-ts;True
I See U;Jend;I See U;05/02/2021;154409;30;['stutter house'];I See U;https://www.youtube.com/watch?v=XX5M_G6WV8I;True
Lick It;Kaskade, Skrillex;Fire & Ice;08/11/2011;214402;0;['complextro', 'edm', 'brostep', 'electro house', 'vocal house', 'progressive house', 'electro', 'progressive electro house', 'pop dance'];Kaskade & Skrillex - Lick It (Official Video);https://www.youtube.com/watch?v=DrZhmr_0Wpo;True
Supersonic (My Existence) [with Noisia; josh pan & Dylan Brady];Supersonic (My Existence) [with Noisia, josh pan & Dylan Brady];10/06/2021;167253;56;['complextro', 'deep dnb', 'edm', 'brostep', 'proto-hyperpop', 'dutch dnb', 'neurofunk', 'breakbeat', 'electro', 'drum and bass', 'vapor twitch', 'hyperpop', 'pop dance'];Skrillex, Noisia, josh pan & Dylan Brady - Supersonic (My Existence) [Official Audio];https://www.youtube.com/watch?v=U41bONK2V-U;True
Summit (feat. Ellie Goulding);Skrillex, Ellie Goulding;Bangarang EP;27/12/2011;373986;55;['complextro', 'uk pop', 'edm', 'brostep', 'indietronica', 'pop', 'electro', 'metropopolis', 'pop dance'];Skrillex - Summit (feat. Ellie Goulding) [Video by Pilerats];https://www.youtube.com/watch?v=-e_3Cg9GZFU;True
Rumble;Skrillex, Fred again.., Flowdan;Rumble;04/01/2023;146571;59;['complextro', 'edm', 'brostep', 'stutter house', 'grime', 'electro', 'house', 'pop dance'];Skrillex, Fred again.. & Flowdan - Rumble [Official Audio];https://www.youtube.com/watch?v=7z25ZZ3DHds;True
Try It Out (with Alvin Risk) - Neon Mix;Skrillex, Alvin Risk;Recess;14/03/2014;229213;51;['complextro', 'edm', 'brostep', 'electro house', 'electro', 'pop dance', 'moombahton'];SKRILLEX + ALVIN RISK - TRY IT OUT (NEON MIX);https://www.youtube.com/watch?v=-iQRaZje0RA;True
Leave Me Like This;Skrillex, Bobby Raps;Leave Me Like This;18/01/2023;188571;43;['complextro', 'edm', 'brostep', 'electro', 'pop dance'];Skrillex with Bobby Raps - Leave Me Like This;https://www.youtube.com/watch?v=4MQQCFaV2fM;True
Face My Fears (English Version);Hikaru Utada, Skrillex;Face My Fears;18/01/2019;222013;50;['complextro', 'japanese singer-songwriter', 'edm', 'brostep', 'j-pop', 'anime', 'electro', 'pop dance', 'classic j-pop'];Hikaru Utada, Skrillex - Face My Fears (English Version);https://www.youtube.com/watch?v=XtK50cbCAdk;True
MANDALORIANO;John Pollon, Los Jackson 4;MANDALORIANO;03/02/2023;178500;34;['urbano espanol'];MANDALORIANO;https://www.youtube.com/watch?v=txle3NMn7LQ;True
Asa Pary;Soto Asa, rjmussic;Remixxxtape;10/03/2023;125035;25;['urbano espanol'];Soto Asa & rjmussic - Asa Pary;https://www.youtube.com/watch?v=BRfeE-Sx0F8;True
Smartphone (Remix);Soto Asa, rjmussic, La Zowi;Remixxxtape;10/03/2023;145560;32;['urbano espanol', 'rap latina'];Soto Asa & rjmussic - Smartphone (Remix) (ft. La Zowi);https://www.youtube.com/watch?v=KppkiiSj9Fs;True
Flex (Remix);Soto Asa, rjmussic;Remixxxtape;10/03/2023;160004;17;['urbano espanol'];Flex (Remix);https://www.youtube.com/watch?v=bXVjjGzxIdg;True
Stupid Sweg;Soto Asa, rjmussic;Remixxxtape;10/03/2023;132923;19;['urbano espanol']; Stupid Sweg ;https://www.youtube.com/watch?v=BkIOrr1Kd3g;True
El Apagon;Bad Bunny;Un Verano Sin Ti;06/05/2022;201816;65;['reggaeton', 'trap latino', 'urbano latino'];Bad Bunny - El Apagon;https://www.youtube.com/watch?v=QdQEljUMCEM;True
Umi - Remix;Parkineos, Rojuu;Bitter Glitter (Remix);15/01/2022;181879;0;['rap regio', 'urbano espanol'];Rojuu - Umi (Parkineos Remix) [OFFICIAL LYRICS VIDEO];https://www.youtube.com/watch?v=4xI_Fk9opAU;True
praise the lord tekkno - Remix;Muppet DJ, SECA Records;praise the lord tekkno (Remix);20/01/2023;327629;0;['cumbia 420', 'sped up'];we are the people tekkno;https://www.youtube.com/watch?v=BbOb2H0h0H4;True
SUPERNOVA;SAIKO;SUPERNOVA;19/04/2023;190909;59;['urbano espanol', 'urbano latino', 'trap latino'];SAIKO - SUPERNOVA (Official Video) | SAKURA;https://www.youtube.com/watch?v=BbZi8xGMyuM;True
Paso de Entrar;Jarfaiter, Parkineos;Paso de Entrar;10/12/2022;228379;42;['urbano espanol'];Jarfaiter x @parkineos  - PASO DE ENTRAR - ð£;https://www.youtube.com/watch?v=RyjZBrWlXPQ;True
se que no debo;Orslok;se que no debo;24/09/2021;129453;43;['hyperpop en espanol'];orslok - se que no debo;https://www.youtube.com/watch?v=zLqeGiTJLKg;True
Tofu Delivery;Orslok, Rojuu;Tofu Delivery;29/10/2021;184000;47;['rap regio', 'urbano espanol', 'hyperpop en espanol'];orslok, rojuu - tofu delivery;https://www.youtube.com/watch?v=wxKBvF2pS_A;True
Casa Kira;Carolina Durante, Orslok;Casa Kira;14/09/2022;234147;44;['tontipop', 'spanish modern rock', 'hyperpop en espanol', 'spanish indie pop'];Carolina Durante, Orslok - Casa Kira;https://www.youtube.com/watch?v=49ISq1mbJ6k;True
Xanadu;Ummet Ozcan;Xanadu;11/08/2022;229926;57;['edm', 'electro house', 'dutch house', 'big room', 'progressive electro house', 'pop dance'];Ummet Ozcan - Xanadu (Mongolian Techno);https://www.youtube.com/watch?v=9uMtnH7cABg;True
Marianela (Que Pasa) - Extended Mix;HUGEL, Merk & Kremont, Lirico En La Casa;Marianela (Que Pasa);25/11/2022;247862;34;['electro house', 'sky room', 'dutch house', 'rap dominicano', 'progressive electro house', 'dembow', 'deep house'];;;False
This Feeling;Noisestorm;This Feeling;11/07/2016;261818;43;['speedrun', 'dancefloor dnb', 'gaming edm'];[Electro] - Noisestorm - This Feeling [Monstercat Release];https://www.youtube.com/watch?v=eeKjgkveAh0;True
Synrise - Soulwax Remix;GOOSE, Soulwax;Synrise (10 Year Anniversary Edition);22/10/2020;222270;38;['filter house', 'belgian indie rock', 'electronica', 'ghent indie', 'belgian rock', 'belgian electronic', 'dance-punk', 'belgian indie', 'alternative dance', 'mashup'];Goose - Synrise (Soulwax remix)  [HQ - full version];https://www.youtube.com/watch?v=nyC2ZzexEVk;True
Dragostea din tei;O-Zone;DiscO-Zone;23/02/2004;215386;68;['eurodance', 'moldovan pop', 'europop'];O-Zone - Dragostea Din Tei [Official Video];https://www.youtube.com/watch?v=YnopHCL1Jk8;True
FLEXXXXXXXXX;Soto Asa, Marvin Cruz;Flexxxxxxxxx;21/11/2019;144923;27;['urbano espanol'];Soto Asa - FLEXXXXXXXXX (Videoclip);https://www.youtube.com/watch?v=HvU_2AgS3ns;True
Ascension (feat. Vince Staples) - Nic Fanciulli Remix;Gorillaz, Vince Staples, Nic Fanciulli;Ascension (feat. Vince Staples) [Nic Fanciulli Remix];07/04/2017;369250;27;['modern rock', 'deep disco house', 'rock', 'underground hip hop', 'conscious hip hop', 'alternative hip hop', 'tribal house', 'tech house', 'minimal techno', 'rap', 'hip hop', 'house'];Gorillaz - Ascension (Nic Fanciulli Remix);https://www.youtube.com/watch?v=CNBZYSedvG0;True
DARE - Dare Refix;Gorillaz;DARE;26/08/2005;321282;16;['modern rock', 'alternative hip hop', 'rock'];DARE (Dare Refix);https://www.youtube.com/watch?v=rd-G1rPqO6c;False
One Kiss (with Dua Lipa);Calvin Harris, Dua Lipa;One Kiss (with Dua Lipa);06/04/2018;214846;77;['uk pop', 'edm', 'electro house', 'uk dance', 'dance pop', 'pop', 'progressive house', 'house'];Calvin Harris, Dua Lipa - One Kiss (Official Video);https://www.youtube.com/watch?v=DkeiKbqa02g;False
Memories - Extended Mix;Eden Prince, NonÃÂÃÂÃÂÃÂÃÂÃÂÃÂÃÂÃÂÃÂÃÂÃÂÃÂÃÂÃÂÃÂÃÂÃÂÃÂÃÂÃÂÃÂÃÂÃÂÃÂÃÂÃÂÃÂÃÂÃÂÃÂÃÂÃÂÃÂÃÂÃÂÃÂÃÂÃÂÃÂÃÂÃÂÃÂÃÂÃÂÃÂÃÂÃÂÃÂÃÂÃÂÃÂÃÂÃÂÃÂÃÂÃÂÃÂÃÂÃÂÃÂÃÂÃÂÃÂ´;Memories;26/06/2020;282255;24;['uk dance', 'dance pop'];;;False
Siscodelia;Reina Mora;Siscodelia;29/11/2022;304230;7;[];;;False
President;Reina Mora, dudi J;President;25/08/2022;213353;8;[];President;https://www.youtube.com/watch?v=PqzSrLZNvZA;False
Chimix;Reina Mora;Chimix;23/08/2021;288000;10;[];;;False
por no llorar - Hotprima Remix;SofÃÂÃÂÃÂÃÂÃÂÃÂÃÂÃÂÃÂÃÂÃÂÃÂÃÂÃÂÃÂÃÂÃÂÃÂÃÂÃÂÃÂÃÂÃÂÃÂÃÂÃÂÃÂÃÂÃÂÃÂÃÂÃÂÃÂÃÂÃÂÃÂÃÂÃÂÃÂÃÂÃÂÃÂÃÂÃÂÃÂÃÂÃÂÃÂÃÂÃÂÃÂÃÂÃÂÃÂÃÂÃÂÃÂÃÂÃÂÃÂÃÂÃÂÃÂÃÂ­a Amores, Hotprima;por no llorar (Hotprima Remix);12/05/2023;128000;3;['tontipop'];;;False
Smooth Operator - House Version;puremind;Smooth Operator (House Version);12/06/2023;226182;0;['gym hardstyle'];Sade - Smooth Operator (Remix House) (Lyrics);https://www.youtube.com/watch?v=cZtSLm07cjQ;False
Lost;RSCL, it's murph, Twin Diplomacy, Jack August;Lost;04/11/2022;153182;73;['stutter house'];;;False
Ke No Me Vean;Soto Asa, Chico Blanco;Blanco y Nueve Mix;04/11/2021;274278;20;['urbano espanol'];Chico Blanco, Soto Asa - Ke No Me Vean;https://www.youtube.com/watch?v=M2Qbti4m3JU;False
3 Katas;Soto Asa, Chico Blanco;Blanco y Nueve Mix;04/11/2021;245833;33;['urbano espanol'];;;False
Quiero Irme a Casa;9ckles;Quiero Irme a Casa;26/01/2020;115200;32;['hyperpop en espanol'];Quiero Irme a Casa;https://www.youtube.com/watch?v=darl9Nq6nG8;False
Ill PekeÃÂÃÂÃÂÃÂÃÂÃÂÃÂÃÂÃÂÃÂÃÂÃÂÃÂÃÂÃÂÃÂÃÂÃÂÃÂÃÂÃÂÃÂÃÂÃÂÃÂÃÂÃÂÃÂÃÂÃÂÃÂÃÂÃÂÃÂÃÂÃÂÃÂÃÂÃÂÃÂÃÂÃÂÃÂÃÂÃÂÃÂÃÂÃÂÃÂÃÂÃÂÃÂÃÂÃÂÃÂÃÂÃÂÃÂÃÂÃÂÃÂÃÂÃÂÃÂ±o - Fugitivo Vol. 11 - Remix;Rico Rosa, Ill PekeÃÂÃÂÃÂÃÂÃÂÃÂÃÂÃÂÃÂÃÂÃÂÃÂÃÂÃÂÃÂÃÂÃÂÃÂÃÂÃÂÃÂÃÂÃÂÃÂÃÂÃÂÃÂÃÂÃÂÃÂÃÂÃÂÃÂÃÂÃÂÃÂÃÂÃÂÃÂÃÂÃÂÃÂÃÂÃÂÃÂÃÂÃÂÃÂÃÂÃÂÃÂÃÂÃÂÃÂÃÂÃÂÃÂÃÂÃÂÃÂÃÂÃÂÃÂÃÂ±o;FUGITIVO (SEASON 1);29/07/2022;153070;37;['rap underground espanol', 'urbano espanol', 'spanish hip hop', 'boom bap espanol', 'hyperpop en espanol'];;;False
Veinte Metros (Y Fin);Rodol VX, Nerve Agent;Autosabotaje;26/03/2021;226729;7;[];Veinte Metros (Y Fin);https://www.youtube.com/watch?v=EZ4fUIjKjAs;False
NO ESTOY;Kinder Malo;NO ESTOY;18/05/2023;153901;17;['urbano espanol'];3. KINDER MALO - NO ESTOY (VIDEO OFICIAL);https://www.youtube.com/watch?v=c0E_6kiP39Y;False
Amoeba;Adolescents;Adolescents;1981;186626;52;['punk', 'hardcore punk'];Amoeba;https://www.youtube.com/watch?v=k2JFpfTPHvo;False
Toro (Andre VII Remix);El Columpio Asesino, Andre VII;Toro (Andre VII Remix);10/06/2022;431673;8;['mexican edm', 'mexican techno', 'spanish indie pop'];El Columpio Asesino - Toro (Andre VII Remix);https://www.youtube.com/watch?v=ZgUq6Zo9bnQ;False
Toro (DJ Nano Remix);El Columpio Asesino, DJ Nano;Toro (DJ Nano Remix);26/05/2023;323636;1;['spanish indie pop'];El Columpio Asesino - Toro (Dj Nano remix);https://www.youtube.com/watch?v=CDSV-d2lPNA;False
Salma Hayek;WARGASM (UK);EXPLICIT: The MiXXXtape;09/09/2022;219640;37;[];;;False
Do It So Good;WARGASM (UK);Do It So Good;14/07/2023;202466;34;[];WARGASM - Do It So Good (Official Music Video);https://www.youtube.com/watch?v=GEyBFg3E_dI;False
D.R.I.L.D.O;WARGASM (UK);EXPLICIT: The MiXXXtape;09/09/2022;192226;35;[];;;False
Fine Day Anthem;Skrillex, Boys Noize, Opus III;Fine Day Anthem;07/07/2023;193690;63;['complextro', 'filter house', 'hip house', 'edm', 'brostep', 'ambient house', 'electro house', 'new rave', 'hardcore techno', 'german techno', 'fidget house', 'dream trance', 'dance-punk', 'german dance', 'electro', 'alternative dance', 'pop dance'];;;False
NO ESTOY;Kinder Malo;NO ESTOY;18/05/2023;153901;17;['urbano espanol'];3. KINDER MALO - NO ESTOY (VIDEO OFICIAL);https://www.youtube.com/watch?v=c0E_6kiP39Y;False
Keygen;Parkineos;Keygen;17/03/2023;207984;15;[];Parkineos - Keygen [KEYGEN EP];https://www.youtube.com/watch?v=-CyleU0OlRo;False
Baby;Soto Asa;Baby;06/04/2018;141598;18;['urbano espanol'];Soto Asa - Baby (VIDEO);https://www.youtube.com/watch?v=IeSHCCP4joU;False
PUEDES CONTAR CONMIGO;MarÃÂÃÂÃÂÃÂÃÂÃÂÃÂÃÂÃÂÃÂÃÂÃÂÃÂÃÂÃÂÃÂÃÂÃÂÃÂÃÂÃÂÃÂÃÂÃÂÃÂÃÂÃÂÃÂÃÂÃÂÃÂÃÂÃÂÃÂÃÂÃÂÃÂÃÂÃÂÃÂÃÂÃÂÃÂÃÂÃÂÃÂÃÂÃÂÃÂÃÂÃÂÃÂÃÂÃÂÃÂÃÂÃÂÃÂÃÂÃÂÃÂÃÂÃÂÃÂ­a Escarmiento, BLNCO, detunedfreq;PUEDES CONTAR CONMIGO;28/10/2022;154688;47;['hyperpop en espanol', 'latin talent show'];The gospel of John: the life of Jesus | 390 subtitles | 2 | Languages starting with D-E-F-G-H-I;https://www.youtube.com/watch?v=l1dfuV5NCrA;False
ALTERAWARE;Nevo Angel, Faxu, Chef C;ALTERAWARE;28/02/2023;168000;12;['hyperpop en espanol'];;;False
bÃÂÃÂÃÂÃÂÃÂÃÂÃÂÃÂÃÂÃÂÃÂÃÂÃÂÃÂÃÂÃÂÃÂÃÂÃÂÃÂÃÂÃÂÃÂÃÂÃÂÃÂÃÂÃÂÃÂÃÂÃÂÃÂÃÂÃÂÃÂÃÂÃÂÃÂÃÂÃÂÃÂÃÂÃÂÃÂÃÂÃÂÃÂÃÂÃÂÃÂÃÂÃÂÃÂÃÂÃÂÃÂÃÂÃÂÃÂÃÂÃÂÃÂÃÂÃÂ¡goas de cocodrilo (Galician Army) - Remix;Berto, Galician Army;bÃÂÃÂÃÂÃÂÃÂÃÂÃÂÃÂÃÂÃÂÃÂÃÂÃÂÃÂÃÂÃÂÃÂÃÂÃÂÃÂÃÂÃÂÃÂÃÂÃÂÃÂÃÂÃÂÃÂÃÂÃÂÃÂÃÂÃÂÃÂÃÂÃÂÃÂÃÂÃÂÃÂÃÂÃÂÃÂÃÂÃÂÃÂÃÂÃÂÃÂÃÂÃÂÃÂÃÂÃÂÃÂÃÂÃÂÃÂÃÂÃÂÃÂÃÂÃÂ¡goas de cocodrilo (Galician Army) [Remix];08/12/2022;277500;4;['galego'];NgÆ°á»i nhá»n bá» gÃ¢y sá»± vÃ  cÃ¡ch xá»­ lÃ­ Äá»nh cao;https://www.youtube.com/watch?v=uDjAG2MpYHg;False
xq tan wapa tÃÂÃÂÃÂÃÂÃÂÃÂÃÂÃÂÃÂÃÂÃÂÃÂÃÂÃÂÃÂÃÂÃÂÃÂÃÂÃÂÃÂÃÂÃÂÃÂÃÂÃÂÃÂÃÂÃÂÃÂÃÂÃÂÃÂÃÂÃÂÃÂÃÂÃÂÃÂÃÂÃÂÃÂÃÂÃÂÃÂÃÂÃÂÃÂÃÂÃÂÃÂÃÂÃÂÃÂÃÂÃÂÃÂÃÂÃÂÃÂÃÂÃÂÃÂÃÂº?;Delgao, MarÃÂÃÂÃÂÃÂÃÂÃÂÃÂÃÂÃÂÃÂÃÂÃÂÃÂÃÂÃÂÃÂÃÂÃÂÃÂÃÂÃÂÃÂÃÂÃÂÃÂÃÂÃÂÃÂÃÂÃÂÃÂÃÂÃÂÃÂÃÂÃÂÃÂÃÂÃÂÃÂÃÂÃÂÃÂÃÂÃÂÃÂÃÂÃÂÃÂÃÂÃÂÃÂÃÂÃÂÃÂÃÂÃÂÃÂÃÂÃÂÃÂÃÂÃÂÃÂ­a Escarmiento, KICKBOMBO;xq tan wapa tÃÂÃÂÃÂÃÂÃÂÃÂÃÂÃÂÃÂÃÂÃÂÃÂÃÂÃÂÃÂÃÂÃÂÃÂÃÂÃÂÃÂÃÂÃÂÃÂÃÂÃÂÃÂÃÂÃÂÃÂÃÂÃÂÃÂÃÂÃÂÃÂÃÂÃÂÃÂÃÂÃÂÃÂÃÂÃÂÃÂÃÂÃÂÃÂÃÂÃÂÃÂÃÂÃÂÃÂÃÂÃÂÃÂÃÂÃÂÃÂÃÂÃÂÃÂÃÂº?;05/04/2023;182400;35;['rap espanol', 'latin talent show'];;;False
TU SI K TA LOKO;TAICHU;TU SI K TA LOKO;10/11/2022;170095;26;['trap argentino'];TAICHU - TU SI K TA LOKO (VIDEO OFICIAL);https://www.youtube.com/watch?v=s1OBa0PtiFE;False
Supernova;Leftee, Nach000;Supernova;03/03/2023;196959;7;['hyperpop en espanol'];;;False
TESTIMU MoOoLT / DESTRUIR;xicu, Teuma Thug;TESTIMU MoOoLT / DESTRUIR;21/04/2023;169765;10;['trap catala', 'musica catalana', 'indie catala'];xicu ft. Teuma Thug - TESTIMU MoOoLT / DESTRUIR (videolyric);https://www.youtube.com/watch?v=wSVRp8sQqTk;False
Play Doh;LUNA KI, Pablo Escobarras, Limabeatz;Play Doh;14/04/2023;204046;20;['urbano espanol'];LUNA KI, Pablo Escobarras - Play Doh (Official Music Video);https://www.youtube.com/watch?v=odLUO-PZKj8;False
PUNKY WHAT;Intendente, CA7RIEL;PUNKY WHAT;31/03/2023;201585;11;['argentine indie', 'trap argentino', 'electronica argentina'];PUNKY WHAT - INTENDENTE FT CA7RIEL;https://www.youtube.com/watch?v=VTU5zwJJC2M;False
Saturday Love;Matroda, Dino DZ;Saturday Love;07/04/2023;141120;55;['electro house', 'tech house', 'bass house'];Matroda - Saturday Love (with Dino DZ) | Insomniac Records;https://www.youtube.com/watch?v=WIUrc2ablC4;False
Give It To Me - Full Vocal Mix;Matt Sassari;Give It To Me (Full Vocal Mix);22/10/2021;102860;80;['french tech house', 'tech house', 'french techno'];Matt Sassari - Give It to Me - Full Vocal Mix;https://www.youtube.com/watch?v=rapOi7-_CHE;False
LES CHORISTES - (TECHNO);BASSTON, STRÃÂÃÂÃÂÃÂÃÂÃÂÃÂÃÂÃÂÃÂÃÂÃÂÃÂÃÂÃÂÃÂÃÂÃÂÃÂÃÂÃÂÃÂÃÂÃÂÃÂÃÂÃÂÃÂÃÂÃÂÃÂÃÂÃÂÃÂÃÂÃÂÃÂÃÂÃÂÃÂÃÂÃÂÃÂÃÂÃÂÃÂÃÂÃÂÃÂÃÂÃÂÃÂÃÂÃÂÃÂÃÂÃÂÃÂÃÂÃÂÃÂÃÂÃÂÃÂBE;LES CHORISTES - (TECHNO);11/08/2023;154285;36;['techno remix'];LES CHORISTES - (TECHNO)BASSTON, STRÃBE;https://www.youtube.com/watch?v=si0NesRjWwI;False
Esto No Es BerlÃÂÃÂÃÂÃÂÃÂÃÂÃÂÃÂÃÂÃÂÃÂÃÂÃÂÃÂÃÂÃÂÃÂÃÂÃÂÃÂÃÂÃÂÃÂÃÂÃÂÃÂÃÂÃÂÃÂÃÂÃÂÃÂÃÂÃÂÃÂÃÂÃÂÃÂÃÂÃÂÃÂÃÂÃÂÃÂÃÂÃÂÃÂÃÂÃÂÃÂÃÂÃÂÃÂÃÂÃÂÃÂÃÂÃÂÃÂÃÂÃÂÃÂÃÂÃÂ­n;Intendente;Bruto;2021;264878;9;[];7 Bebidas Milagrosas para Bajar la PresiÃ³n Arterial que Debes Conocer!;https://www.youtube.com/watch?v=WX-rd_oFX2I;False
Control;Emmit Fenn;The Last Dance;28/03/2019;170004;64;['chill house', 'vapor soul'];Emmit Fenn - Control;https://www.youtube.com/watch?v=HbngJ5ozFrA;False
Vente Conmigo;Pimp Flaco;Mmmua;14/07/2023;164285;36;['urbano espanol'];Pimp Flaco - Vente Conmigo;https://www.youtube.com/watch?v=edFsIj7wW1w;False
Electricity;DubVision, Otto Knows, Alex Aris;Electricity;19/08/2022;154285;55;['edm', 'electro house', 'dutch house', 'progressive house', 'big room', 'progressive electro house', 'pop dance'];;;False
Teknocity;Parkineos, Amygdala, ErrÃÂÃÂÃÂÃÂÃÂÃÂÃÂÃÂÃÂÃÂÃÂÃÂÃÂÃÂÃÂÃÂÃÂÃÂÃÂÃÂÃÂÃÂÃÂÃÂÃÂÃÂÃÂÃÂÃÂÃÂÃÂÃÂÃÂÃÂÃÂÃÂÃÂÃÂÃÂÃÂÃÂÃÂÃÂÃÂÃÂÃÂÃÂÃÂÃÂÃÂÃÂÃÂÃÂÃÂÃÂÃÂÃÂÃÂÃÂÃÂÃÂÃÂÃÂÃÂ¤;Teknocity;18/08/2023;260592;52;[];;;False
Skinny Ape;Gorillaz;Cracker Island;24/02/2023;281258;48;['modern rock', 'alternative hip hop', 'rock'];Gorillaz - Skinny Ape (Official Lyric Video);https://www.youtube.com/watch?v=D8tjuP_nq5I;False
Acid Shoes;Amygdala;ACID SHOES;18/01/2023;324916;35;[];ACID SHOES - AMYGDALA;https://www.youtube.com/watch?v=8kOoTVPXdxo;False
Ella Sabe;Amygdala;Ella Sabe;07/07/2021;229528;43;[];ELLA SABE _ AMYGDALA;https://www.youtube.com/watch?v=iFq_DMnqTH4;False
Zapatillas;Amygdala;Zapatillas;31/08/2023;218571;43;[];ZAPATILLAS (AMYGDALA KOVER);https://www.youtube.com/watch?v=awdYrvQboi8;False
Vink Derrapant;Amygdala;XX;21/02/2022;203385;29;[];VINK DERRAPANT - AMYGDALA feat. ERRA;https://www.youtube.com/watch?v=hhic04blPjw;False
Bombo;Amygdala;Bombo;14/09/2021;289562;34;[];AMYGDALA - BOMBO;https://www.youtube.com/watch?v=aoKSVAhXEzk;False
Mzmz (Tek);Hofe, 4:40;Amodioa;30/03/2022;158215;34;[];HOFE X 4:40 - MzMz(Tek);https://www.youtube.com/watch?v=jA0vH3KVOuU;False
Sad - I'm blue remix;Pau By Chance, Octopvs To The Party;Sad (I'm blue remix);05/05/2022;132151;30;['hyperpop en espanol'];PauByChance, Octopvs To The Party- Sad (I`m blue remix);https://www.youtube.com/watch?v=BsU9rqCAkMo;False
DORITOS;TRISTÃÂÃÂÃÂÃÂÃÂÃÂÃÂÃÂÃÂÃÂÃÂÃÂÃÂÃÂÃÂÃÂÃÂÃÂÃÂÃÂÃÂÃÂÃÂÃÂÃÂÃÂÃÂÃÂÃÂÃÂÃÂÃÂÃÂÃÂÃÂÃÂÃÂÃÂÃÂÃÂÃÂÃÂÃÂÃÂÃÂÃÂÃÂÃÂÃÂÃÂÃÂÃÂÃÂÃÂÃÂÃÂÃÂÃÂÃÂÃÂÃÂÃÂÃÂÃÂN!, Teo Lucadamo;DORITOS;21/04/2023;92307;2;[];;;False
This Is The Life;LIZOT, KYANU;This Is The Life;13/10/2023;131388;70;['big room', 'hypertechno', 'german dance', 'slap house'];LIZOT x KYANU - This Is The Life (Lyric Video);https://www.youtube.com/watch?v=zKyQXt2Db_g;False
ACID;Hardwell, Maddix, Luciana;ACID;05/05/2023;181333;59;['edm', 'electro house', 'hypertechno', 'dutch house', 'dance pop', 'progressive house', 'big room', 'progressive electro house', 'pop dance'];;;False
MONEY ON THE DASH - SPED UP;Elley DuhÃÂÃÂÃÂÃÂÃÂÃÂÃÂÃÂÃÂÃÂÃÂÃÂÃÂÃÂÃÂÃÂÃÂÃÂÃÂÃÂÃÂÃÂÃÂÃÂÃÂÃÂÃÂÃÂÃÂÃÂÃÂÃÂÃÂÃÂÃÂÃÂÃÂÃÂÃÂÃÂÃÂÃÂÃÂÃÂÃÂÃÂÃÂÃÂÃÂÃÂÃÂÃÂÃÂÃÂÃÂÃÂÃÂÃÂÃÂÃÂÃÂÃÂÃÂÃÂ©, Whethan;MONEY ON THE DASH;20/01/2023;116465;76;['alt z', 'electropop', 'rage rap', 'hyperpop'];;;False
My Gasoline;Maddix, FÃÂÃÂÃÂÃÂÃÂÃÂÃÂÃÂÃÂÃÂÃÂÃÂÃÂÃÂÃÂÃÂÃÂÃÂÃÂÃÂÃÂÃÂÃÂÃÂÃÂÃÂÃÂÃÂÃÂÃÂÃÂÃÂÃÂÃÂÃÂÃÂÃÂÃÂÃÂÃÂÃÂÃÂÃÂÃÂÃÂÃÂÃÂÃÂÃÂÃÂÃÂÃÂÃÂÃÂÃÂÃÂÃÂÃÂÃÂÃÂÃÂÃÂÃÂÃÂlÃÂÃÂÃÂÃÂÃÂÃÂÃÂÃÂÃÂÃÂÃÂÃÂÃÂÃÂÃÂÃÂÃÂÃÂÃÂÃÂÃÂÃÂÃÂÃÂÃÂÃÂÃÂÃÂÃÂÃÂÃÂÃÂÃÂÃÂÃÂÃÂÃÂÃÂÃÂÃÂÃÂÃÂÃÂÃÂÃÂÃÂÃÂÃÂÃÂÃÂÃÂÃÂÃÂÃÂÃÂÃÂÃÂÃÂÃÂÃÂÃÂÃÂÃÂÃÂs;My Gasoline;18/08/2023;236999;63;['big room', 'hypertechno'];;;False
:*:ÃÂÃÂÃÂÃÂÃÂÃÂÃÂÃÂÃÂÃÂÃÂÃÂÃÂÃÂÃÂÃÂÃÂÃÂÃÂÃÂÃÂÃÂÃÂÃÂÃÂÃÂÃÂÃÂÃÂÃÂÃÂÃÂÃÂÃÂÃÂÃÂÃÂÃÂÃÂÃÂÃÂÃÂÃÂÃÂÃÂÃÂÃÂÃÂÃÂÃÂÃÂÃÂÃÂÃÂÃÂÃÂÃÂÃÂÃÂÃÂÃÂÃÂÃÂÃÂ·ÃÂÃÂÃÂÃÂÃÂÃÂÃÂÃÂÃÂÃÂÃÂÃÂÃÂÃÂÃÂÃÂÃÂÃÂÃÂÃÂÃÂÃÂÃÂÃÂÃÂÃÂÃÂÃÂÃÂÃÂÃÂÃÂ¢ÃÂÃÂÃÂÃÂÃÂÃÂÃÂÃÂÃÂÃÂÃÂÃÂÃÂÃÂÃÂÃÂÃÂÃÂÃÂÃÂÃÂÃÂÃÂÃÂÃÂÃÂÃÂÃÂÃÂÃÂÃÂÃÂÃÂÃÂÃÂÃÂÃÂÃÂÃÂÃÂÃÂÃÂÃÂÃÂÃÂÃÂÃÂÃÂÃÂÃÂÃÂÃÂÃÂÃÂÃÂÃÂÃÂÃÂÃÂÃÂÃÂÃÂÃÂÃÂÃÂÃÂÃÂÃÂÃÂÃÂÃÂÃÂÃÂÃÂÃÂÃÂÃÂÃÂÃÂÃÂÃÂÃÂÃÂÃÂÃÂÃÂÃÂÃÂÃÂÃÂÃÂÃÂÃÂÃÂÃÂÃÂ¢ÃÂÃÂÃÂÃÂÃÂÃÂÃÂÃÂÃÂÃÂÃÂÃÂÃÂÃÂÃÂÃÂÃÂÃÂÃÂÃÂÃÂÃÂÃÂÃÂÃÂÃÂÃÂÃÂÃÂÃÂÃÂÃÂÃÂÃÂÃÂÃÂÃÂÃÂÃÂÃÂÃÂÃÂÃÂÃÂÃÂÃÂÃÂÃÂÃÂÃÂÃÂÃÂÃÂÃÂÃÂÃÂÃÂÃÂÃÂÃÂÃÂÃÂÃÂÃÂ brillan las estrellas ÃÂÃÂÃÂÃÂÃÂÃÂÃÂÃÂÃÂÃÂÃÂÃÂÃÂÃÂÃÂÃÂÃÂÃÂÃÂÃÂÃÂÃÂÃÂÃÂÃÂÃÂÃÂÃÂÃÂÃÂÃÂÃÂ¢ÃÂÃÂÃÂÃÂÃÂÃÂÃÂÃÂÃÂÃÂÃÂÃÂÃÂÃÂÃÂÃÂÃÂÃÂÃÂÃÂÃÂÃÂÃÂÃÂÃÂÃÂÃÂÃÂÃÂÃÂÃÂÃÂÃÂÃÂÃÂÃÂÃÂÃÂÃÂÃÂÃÂÃÂÃÂÃÂÃÂÃÂÃÂÃÂÃÂÃÂÃÂÃÂÃÂÃÂÃÂÃÂÃÂÃÂÃÂÃÂÃÂÃÂÃÂÃÂ:ÃÂÃÂÃÂÃÂÃÂÃÂÃÂÃÂÃÂÃÂÃÂÃÂÃÂÃÂÃÂÃÂÃÂÃÂÃÂÃÂÃÂÃÂÃÂÃÂÃÂÃÂÃÂÃÂÃÂÃÂÃÂÃÂÃÂÃÂÃÂÃÂÃÂÃÂÃÂÃÂÃÂÃÂÃÂÃÂÃÂÃÂÃÂÃÂÃÂÃÂÃÂÃÂÃÂÃÂÃÂÃÂÃÂÃÂÃÂÃÂÃÂÃÂÃÂÃÂ·:*:ÃÂÃÂÃÂÃÂÃÂÃÂÃÂÃÂÃÂÃÂÃÂÃÂÃÂÃÂÃÂÃÂÃÂÃÂÃÂÃÂÃÂÃÂÃÂÃÂÃÂÃÂÃÂÃÂÃÂÃÂÃÂÃÂÃÂÃÂÃÂÃÂÃÂÃÂÃÂÃÂÃÂÃÂÃÂÃÂÃÂÃÂÃÂÃÂÃÂÃÂÃÂÃÂÃÂÃÂÃÂÃÂÃÂÃÂÃÂÃÂÃÂÃÂÃÂÃÂ·;MarÃÂÃÂÃÂÃÂÃÂÃÂÃÂÃÂÃÂÃÂÃÂÃÂÃÂÃÂÃÂÃÂÃÂÃÂÃÂÃÂÃÂÃÂÃÂÃÂÃÂÃÂÃÂÃÂÃÂÃÂÃÂÃÂÃÂÃÂÃÂÃÂÃÂÃÂÃÂÃÂÃÂÃÂÃÂÃÂÃÂÃÂÃÂÃÂÃÂÃÂÃÂÃÂÃÂÃÂÃÂÃÂÃÂÃÂÃÂÃÂÃÂÃÂÃÂÃÂ­a Escarmiento, Fran Laoren, detunedfreq;SENSACIÃÂÃÂÃÂÃÂÃÂÃÂÃÂÃÂÃÂÃÂÃÂÃÂÃÂÃÂÃÂÃÂÃÂÃÂÃÂÃÂÃÂÃÂÃÂÃÂÃÂÃÂÃÂÃÂÃÂÃÂÃÂÃÂÃÂÃÂÃÂÃÂÃÂÃÂÃÂÃÂÃÂÃÂÃÂÃÂÃÂÃÂÃÂÃÂÃÂÃÂÃÂÃÂÃÂÃÂÃÂÃÂÃÂÃÂÃÂÃÂÃÂÃÂÃÂÃÂN DE CALOR;16/06/2023;177536;26;['urbano espanol', 'hyperpop en espanol', 'latin talent show'];Kyay Zu Pyu Pi  ÃÂ¡Ã¢ÂÂ¬ÃÂ±ÃÂ¡Ã¢ÂÂ¬Ã¢ÂÂ¬ÃÂ¡Ã¢ÂÂ¬ÃÂºÃÂ¡Ã¢ÂÂ¬ÃÂ¸ÃÂ¡Ã¢ÂÂ¬Ã¢ÂÂ¡ÃÂ¡Ã¢ÂÂ¬ÃÂ°ÃÂ¡Ã¢ÂÂ¬ÃÂ¸ÃÂ¡Ã¢ÂÂ¬ÃÂ»ÃÂ¡Ã¢ÂÂ¬Ã¢ÂÂ¢ÃÂ¡Ã¢ÂÂ¬ÃÂ³ÃÂ¡Ã¢ÂÂ¬ÃÂ»ÃÂ¡Ã¢ÂÂ¬Ã¢ÂÂ¢ÃÂ¡Ã¢ÂÂ¬ÃÂ®ÃÂ¡Ã¢ÂÂ¬ÃÂ¸;https://www.youtube.com/watch?v=TUlSLMrS0O4;False
QUÃÂÃÂÃÂÃÂÃÂÃÂÃÂÃÂÃÂÃÂÃÂÃÂÃÂÃÂÃÂÃÂÃÂÃÂÃÂÃÂÃÂÃÂÃÂÃÂÃÂÃÂÃÂÃÂÃÂÃÂÃÂÃÂÃÂÃÂÃÂÃÂÃÂÃÂÃÂÃÂÃÂÃÂÃÂÃÂÃÂÃÂÃÂÃÂÃÂÃÂÃÂÃÂÃÂÃÂÃÂÃÂÃÂÃÂÃÂÃÂÃÂÃÂÃÂÃÂ MÃÂÃÂÃÂÃÂÃÂÃÂÃÂÃÂÃÂÃÂÃÂÃÂÃÂÃÂÃÂÃÂÃÂÃÂÃÂÃÂÃÂÃÂÃÂÃÂÃÂÃÂÃÂÃÂÃÂÃÂÃÂÃÂÃÂÃÂÃÂÃÂÃÂÃÂÃÂÃÂÃÂÃÂÃÂÃÂÃÂÃÂÃÂÃÂÃÂÃÂÃÂÃÂÃÂÃÂÃÂÃÂÃÂÃÂÃÂÃÂÃÂÃÂÃÂÃÂS DA;Xenia, Margarita Quebrada;QUÃÂÃÂÃÂÃÂÃÂÃÂÃÂÃÂÃÂÃÂÃÂÃÂÃÂÃÂÃÂÃÂÃÂÃÂÃÂÃÂÃÂÃÂÃÂÃÂÃÂÃÂÃÂÃÂÃÂÃÂÃÂÃÂÃÂÃÂÃÂÃÂÃÂÃÂÃÂÃÂÃÂÃÂÃÂÃÂÃÂÃÂÃÂÃÂÃÂÃÂÃÂÃÂÃÂÃÂÃÂÃÂÃÂÃÂÃÂÃÂÃÂÃÂÃÂÃÂ MÃÂÃÂÃÂÃÂÃÂÃÂÃÂÃÂÃÂÃÂÃÂÃÂÃÂÃÂÃÂÃÂÃÂÃÂÃÂÃÂÃÂÃÂÃÂÃÂÃÂÃÂÃÂÃÂÃÂÃÂÃÂÃÂÃÂÃÂÃÂÃÂÃÂÃÂÃÂÃÂÃÂÃÂÃÂÃÂÃÂÃÂÃÂÃÂÃÂÃÂÃÂÃÂÃÂÃÂÃÂÃÂÃÂÃÂÃÂÃÂÃÂÃÂÃÂÃÂS DA;07/07/2023;153333;27;[];;;False
fireflies;detunedfreq;fireflies;16/10/2023;205241;16;['hyperpop en espanol'];;;False
QUÃÂÃÂÃÂÃÂÃÂÃÂÃÂÃÂÃÂÃÂÃÂÃÂÃÂÃÂÃÂÃÂÃÂÃÂÃÂÃÂÃÂÃÂÃÂÃÂÃÂÃÂÃÂÃÂÃÂÃÂÃÂÃÂÃÂÃÂÃÂÃÂÃÂÃÂÃÂÃÂÃÂÃÂÃÂÃÂÃÂÃÂÃÂÃÂÃÂÃÂÃÂÃÂÃÂÃÂÃÂÃÂÃÂÃÂÃÂÃÂÃÂÃÂÃÂÃÂ MÃÂÃÂÃÂÃÂÃÂÃÂÃÂÃÂÃÂÃÂÃÂÃÂÃÂÃÂÃÂÃÂÃÂÃÂÃÂÃÂÃÂÃÂÃÂÃÂÃÂÃÂÃÂÃÂÃÂÃÂÃÂÃÂÃÂÃÂÃÂÃÂÃÂÃÂÃÂÃÂÃÂÃÂÃÂÃÂÃÂÃÂÃÂÃÂÃÂÃÂÃÂÃÂÃÂÃÂÃÂÃÂÃÂÃÂÃÂÃÂÃÂÃÂÃÂÃÂS DA;Xenia, Margarita Quebrada;QUÃÂÃÂÃÂÃÂÃÂÃÂÃÂÃÂÃÂÃÂÃÂÃÂÃÂÃÂÃÂÃÂÃÂÃÂÃÂÃÂÃÂÃÂÃÂÃÂÃÂÃÂÃÂÃÂÃÂÃÂÃÂÃÂÃÂÃÂÃÂÃÂÃÂÃÂÃÂÃÂÃÂÃÂÃÂÃÂÃÂÃÂÃÂÃÂÃÂÃÂÃÂÃÂÃÂÃÂÃÂÃÂÃÂÃÂÃÂÃÂÃÂÃÂÃÂÃÂ MÃÂÃÂÃÂÃÂÃÂÃÂÃÂÃÂÃÂÃÂÃÂÃÂÃÂÃÂÃÂÃÂÃÂÃÂÃÂÃÂÃÂÃÂÃÂÃÂÃÂÃÂÃÂÃÂÃÂÃÂÃÂÃÂÃÂÃÂÃÂÃÂÃÂÃÂÃÂÃÂÃÂÃÂÃÂÃÂÃÂÃÂÃÂÃÂÃÂÃÂÃÂÃÂÃÂÃÂÃÂÃÂÃÂÃÂÃÂÃÂÃÂÃÂÃÂÃÂS DA;07/07/2023;153333;27;[];;;False
El Reloj;Dafresito, LocoAlien;199X;03/12/2021;120322;28;['urbano espanol', 'hyperpop en espanol', 'emo trap en espanol'];;;False
Hallo Polizei;Jessovski, Fixed withGlue;Hallo Polizei;24/11/2023;122138;37;[];;;False
Heart Blood Beat;Reptile Youth;Reptile Youth;24/09/2012;216894;12;['danish alternative rock'];;;False
Finale House Kick Long 08;Luigi Finale;Kick it;14/06/2018;96000;20;[];;;False
PUNK;Flashy Ice Cream, Sr. Chen;HANGOVER;18/02/2022;219129;8;['musica catalana', 'trap catala', 'rap catala'];;;False
ÃÂÃÂÃÂÃÂÃÂÃÂÃÂÃÂÃÂÃÂÃÂÃÂÃÂÃÂÃÂÃÂÃÂÃÂÃÂÃÂÃÂÃÂÃÂÃÂÃÂÃÂÃÂÃÂÃÂÃÂÃÂÃÂÃÂÃÂÃÂÃÂÃÂÃÂÃÂÃÂÃÂÃÂÃÂÃÂÃÂÃÂÃÂÃÂÃÂÃÂÃÂÃÂÃÂÃÂÃÂÃÂÃÂÃÂÃÂÃÂÃÂÃÂÃÂÃÂxtasis;Millonario & W. Corona, Cartel De Santa;AsÃÂÃÂÃÂÃÂÃÂÃÂÃÂÃÂÃÂÃÂÃÂÃÂÃÂÃÂÃÂÃÂÃÂÃÂÃÂÃÂÃÂÃÂÃÂÃÂÃÂÃÂÃÂÃÂÃÂÃÂÃÂÃÂÃÂÃÂÃÂÃÂÃÂÃÂÃÂÃÂÃÂÃÂÃÂÃÂÃÂÃÂÃÂÃÂÃÂÃÂÃÂÃÂÃÂÃÂÃÂÃÂÃÂÃÂÃÂÃÂÃÂÃÂÃÂÃÂ­ Soy Yo;17/01/2012;289013;71;['latin hip hop', 'mexican hip hop'];;;False
Lol;Los Ganglios;Lubricante;29/09/2014;189053;16;['spanish synthpop', 'indie extremena'];;;False
La Carretera (VVV Crash Team Raving Remix);TriÃÂÃÂÃÂÃÂÃÂÃÂÃÂÃÂÃÂÃÂÃÂÃÂÃÂÃÂÃÂÃÂÃÂÃÂÃÂÃÂÃÂÃÂÃÂÃÂÃÂÃÂÃÂÃÂÃÂÃÂÃÂÃÂÃÂÃÂÃÂÃÂÃÂÃÂÃÂÃÂÃÂÃÂÃÂÃÂÃÂÃÂÃÂÃÂÃÂÃÂÃÂÃÂÃÂÃÂÃÂÃÂÃÂÃÂÃÂÃÂÃÂÃÂÃÂÃÂ¡ngulo de Amor Bizarro, VVV [Trippin'you];La Carretera (VVV Crash Team Raving Remix);15/11/2023;268347;0;['spanish post-punk', 'indie canario', 'galician rock', 'spanish indie pop', 'spanish shoegaze', 'spanish noise pop', 'spanish modern rock'];;;False
Satan Was A Babyboomer;Brutalismus 3000;Satan Was A Babyboomer;16/04/2021;427000;58;['nu gabber'];;;False
444 (La seÃÂÃÂÃÂÃÂÃÂÃÂÃÂÃÂÃÂÃÂÃÂÃÂÃÂÃÂÃÂÃÂÃÂÃÂÃÂÃÂÃÂÃÂÃÂÃÂÃÂÃÂÃÂÃÂÃÂÃÂÃÂÃÂÃÂÃÂÃÂÃÂÃÂÃÂÃÂÃÂÃÂÃÂÃÂÃÂÃÂÃÂÃÂÃÂÃÂÃÂÃÂÃÂÃÂÃÂÃÂÃÂÃÂÃÂÃÂÃÂÃÂÃÂÃÂÃÂ±al);Xina Mora, Fectro, Xema Fuentes;444 (La seÃÂÃÂÃÂÃÂÃÂÃÂÃÂÃÂÃÂÃÂÃÂÃÂÃÂÃÂÃÂÃÂÃÂÃÂÃÂÃÂÃÂÃÂÃÂÃÂÃÂÃÂÃÂÃÂÃÂÃÂÃÂÃÂÃÂÃÂÃÂÃÂÃÂÃÂÃÂÃÂÃÂÃÂÃÂÃÂÃÂÃÂÃÂÃÂÃÂÃÂÃÂÃÂÃÂÃÂÃÂÃÂÃÂÃÂÃÂÃÂÃÂÃÂÃÂÃÂ±al);16/06/2023;176352;45;[];;;False
Maribou State - Wallflower (Broken Lip EDIT);Broken Lip;Gazpachuelo (VOL.1);19/01/2022;268714;12;['flamenco electronica'];;;False
Horse;Salvatore Ganacci;Horse;17/04/2019;173588;47;['basshall', 'moombahton'];;;False
We Were Late To The Party;Xhulotek, MamÃÂÃÂÃÂÃÂÃÂÃÂÃÂÃÂÃÂÃÂÃÂÃÂÃÂÃÂÃÂÃÂÃÂÃÂÃÂÃÂÃÂÃÂÃÂÃÂÃÂÃÂÃÂÃÂÃÂÃÂÃÂÃÂÃÂÃÂÃÂÃÂÃÂÃÂÃÂÃÂÃÂÃÂÃÂÃÂÃÂÃÂÃÂÃÂÃÂÃÂÃÂÃÂÃÂÃÂÃÂÃÂÃÂÃÂÃÂÃÂÃÂÃÂÃÂÃÂ¡ Lavanda;We Were Late To The Party;04/04/2022;206769;7;['acidcore'];;;False
APARTA;Amygdala, Iced Coffeeboy;APARTA;06/10/2023;187692;31;[];;;False
Ay K Emocion - YUNG PRADO Remix;Chill Mafia Records, YUNG PRADO;Ay Ke EmociÃÂÃÂÃÂÃÂÃÂÃÂÃÂÃÂÃÂÃÂÃÂÃÂÃÂÃÂÃÂÃÂÃÂÃÂÃÂÃÂÃÂÃÂÃÂÃÂÃÂÃÂÃÂÃÂÃÂÃÂÃÂÃÂÃÂÃÂÃÂÃÂÃÂÃÂÃÂÃÂÃÂÃÂÃÂÃÂÃÂÃÂÃÂÃÂÃÂÃÂÃÂÃÂÃÂÃÂÃÂÃÂÃÂÃÂÃÂÃÂÃÂÃÂÃÂÃÂ³n (Yung Prado Remix);14/10/2021;266180;34;['euskal reggae'];;;False
Tech Love (Otra Vez);Chico Blanco;Life After House;15/02/2019;327597;0;['urbano espanol'];;;False
Bad Girls Need Love Too - Extended Version;The Toxic Avenger;Bad Girls Need Love Too;17/10/2008;294545;40;['electro house', 'filter house'];;;False
Deva - Fugitivo Vol. 6 - Remix;Rico Rosa, DEVA;FUGITIVO (SEASON 1);29/07/2022;146134;33;['urbano espanol', 'hyperpop en espanol'];;;False
Romantika;Brutalismus 3000;Eros Massacre;29/04/2022;250145;61;['nu gabber'];;;False
Muchos Hijos Un Mono y Un Castillo;Claudio Montana;Muchos Hijos Un Mono y Un Castillo;06/05/2020;92029;42;['urbano espanol'];;;False
Kiero K Me Kieras;SoFTT;Kiero K Me Kieras;31/05/2023;223098;30;[];;;False
Outlaw - Melodic Techno Extended Mix;Intelligency;Outlaw;09/06/2023;306555;6;['belarusian indie'];;;False
Take A Step Back;Dr. Fresch, Marten HÃÂÃÂÃÂÃÂÃÂÃÂÃÂÃÂÃÂÃÂÃÂÃÂÃÂÃÂÃÂÃÂÃÂÃÂÃÂÃÂÃÂÃÂÃÂÃÂÃÂÃÂÃÂÃÂÃÂÃÂÃÂÃÂÃÂÃÂÃÂÃÂÃÂÃÂÃÂÃÂÃÂÃÂÃÂÃÂÃÂÃÂÃÂÃÂÃÂÃÂÃÂÃÂÃÂÃÂÃÂÃÂÃÂÃÂÃÂÃÂÃÂÃÂÃÂÃÂ¸rger;Take A Step Back;06/11/2020;160000;53;['electro house', 'tech house', 'bass house'];;;False
Rolling with the Bassline;Venjent;Rolling with the Bassline;15/02/2024;143448;23;[];;;False
It's That Time;Marlon Hoffstadt, DJ Daddy Trance;It's That Time;21/04/2023;240250;65;['deep euro house'];;;False
Fleece;Crystal Castles;Amnesty (I);19/08/2016;155106;50;['nintendocore', 'bitpop', 'indietronica', 'neo-synthpop', 'new rave', 'digital hardcore', 'alternative dance'];;;False
Char;Crystal Castles;Amnesty (I);19/08/2016;188333;62;['nintendocore', 'bitpop', 'indietronica', 'neo-synthpop', 'new rave', 'digital hardcore', 'alternative dance'];;;False
Pap Smear;Crystal Castles;Crystal Castles (II);01/01/2010;222946;51;['nintendocore', 'bitpop', 'indietronica', 'neo-synthpop', 'new rave', 'digital hardcore', 'alternative dance'];;;False
Mother Knows Best - 2004 Version;Crystal Castles;Celestica;01/01/2010;121366;40;['nintendocore', 'bitpop', 'indietronica', 'neo-synthpop', 'new rave', 'digital hardcore', 'alternative dance'];;;False
Kerosene;Crystal Castles;(III);01/01/2012;192000;71;['nintendocore', 'bitpop', 'indietronica', 'neo-synthpop', 'new rave', 'digital hardcore', 'alternative dance'];;;False
Not In Love - Radio Version;Crystal Castles, Robert Smith;(II);01/01/2011;226986;56;['nintendocore', 'bitpop', 'indietronica', 'neo-synthpop', 'new rave', 'digital hardcore', 'alternative dance'];;;False
Soy un Alien;John PollÃÂÃÂÃÂÃÂÃÂÃÂÃÂÃÂÃÂÃÂÃÂÃÂÃÂÃÂÃÂÃÂÃÂÃÂÃÂÃÂÃÂÃÂÃÂÃÂÃÂÃÂÃÂÃÂÃÂÃÂÃÂÃÂÃÂÃÂÃÂÃÂÃÂÃÂÃÂÃÂÃÂÃÂÃÂÃÂÃÂÃÂÃÂÃÂÃÂÃÂÃÂÃÂÃÂÃÂÃÂÃÂÃÂÃÂÃÂÃÂÃÂÃÂÃÂÃÂµn;Soy un Alien;26/01/2024;147391;32;['urbano espanol'];;;False
Es la forma que tienes de ocultar algo que hay en tu mente;Aiko el grupo, Axolotes Mexicanos;Me estÃÂÃÂÃÂÃÂÃÂÃÂÃÂÃÂÃÂÃÂÃÂÃÂÃÂÃÂÃÂÃÂÃÂÃÂÃÂÃÂÃÂÃÂÃÂÃÂÃÂÃÂÃÂÃÂÃÂÃÂÃÂÃÂÃÂÃÂÃÂÃÂÃÂÃÂÃÂÃÂÃÂÃÂÃÂÃÂÃÂÃÂÃÂÃÂÃÂÃÂÃÂÃÂÃÂÃÂÃÂÃÂÃÂÃÂÃÂÃÂÃÂÃÂÃÂÃÂ¡n apuntando con un arma;06/10/2023;151065;34;['tontipop', 'spanish noise pop'];;;False
ROCKETPOWERS;Dillom, Saramalacara;POST MORTEM;01/12/2021;188238;57;['trap argentino'];;;False
OPA;Dillom;POST MORTEM;01/12/2021;169824;60;['trap argentino'];;;False
Warra;VAN17INO6, Chico Blanco;ER PATIO LOS NEONES;09/07/2021;185335;1;['urbano espanol'];;;False
TODOS LOS DÃÂÃÂÃÂÃÂÃÂÃÂÃÂÃÂÃÂÃÂÃÂÃÂÃÂÃÂÃÂÃÂÃÂÃÂÃÂÃÂÃÂÃÂÃÂÃÂÃÂÃÂÃÂÃÂÃÂÃÂÃÂÃÂÃÂÃÂÃÂÃÂÃÂÃÂÃÂÃÂÃÂÃÂÃÂÃÂÃÂÃÂÃÂÃÂÃÂÃÂÃÂÃÂÃÂÃÂÃÂÃÂÃÂÃÂÃÂÃÂÃÂÃÂÃÂÃÂAS;Chico Blanco, GAZZI;TODOS LOS DÃÂÃÂÃÂÃÂÃÂÃÂÃÂÃÂÃÂÃÂÃÂÃÂÃÂÃÂÃÂÃÂÃÂÃÂÃÂÃÂÃÂÃÂÃÂÃÂÃÂÃÂÃÂÃÂÃÂÃÂÃÂÃÂÃÂÃÂÃÂÃÂÃÂÃÂÃÂÃÂÃÂÃÂÃÂÃÂÃÂÃÂÃÂÃÂÃÂÃÂÃÂÃÂÃÂÃÂÃÂÃÂÃÂÃÂÃÂÃÂÃÂÃÂÃÂÃÂAS;22/03/2024;236552;23;['urbano espanol', 'experimental club'];;;False
OjalÃÂÃÂÃÂÃÂÃÂÃÂÃÂÃÂÃÂÃÂÃÂÃÂÃÂÃÂÃÂÃÂÃÂÃÂÃÂÃÂÃÂÃÂÃÂÃÂÃÂÃÂÃÂÃÂÃÂÃÂÃÂÃÂÃÂÃÂÃÂÃÂÃÂÃÂÃÂÃÂÃÂÃÂÃÂÃÂÃÂÃÂÃÂÃÂÃÂÃÂÃÂÃÂÃÂÃÂÃÂÃÂÃÂÃÂÃÂÃÂÃÂÃÂÃÂÃÂ¡ (feat. Chico Blanco);C. Tangana, Chico Blanco;Bien:(;14/05/2020;180866;39;['urbano espanol'];;;False
Cadillac;Chico Pablo, Chico Blanco;Cadillac;22/03/2023;233201;28;['urbano espanol'];;;False
WTF Is In My Cup;Chico Blanco;WTF Is In My Cup;04/06/2018;267000;28;['urbano espanol'];;;False
Q NO;Chico Blanco;FOREVER 21 (VOL.1);04/10/2023;225333;17;['urbano espanol'];;;False
El Sonidito;Hechizeros Band;El Sonidito;01/01/2008;199893;46;['duranguense', 'tecnobanda'];;;False
Caramelo House (Otro Lado);Chico Blanco;Caramelo House (Otro Lado);06/03/2020;255230;0;['urbano espanol'];;;False
mevoyadormir;Chico Blanco;mevoyadormir;19/04/2023;297391;17;['urbano espanol'];;;False
AY :P;8kitoo, Chico Blanco;AY :P;25/02/2021;251831;26;['urbano espanol'];;;False
And Dance;Sharif Laffrey;And Dance;13/04/2018;848015;24;['detroit house'];;;False
Falkor's Return;Indecorum;Sanctus;03/05/2020;180000;50;['hard techno', 'nu gabber'];;;False
Sol en la Cara;Bawrut, Chico Blanco;In the Middle;12/11/2021;157440;16;['urbano espanol', 'dark disco'];;;False
Me siento distinto;Yung Nick, John PollÃÂÃÂÃÂÃÂÃÂÃÂÃÂÃÂÃÂÃÂÃÂÃÂÃÂÃÂÃÂÃÂÃÂÃÂÃÂÃÂÃÂÃÂÃÂÃÂÃÂÃÂÃÂÃÂÃÂÃÂÃÂÃÂÃÂÃÂÃÂÃÂÃÂÃÂÃÂÃÂÃÂÃÂÃÂÃÂÃÂÃÂÃÂÃÂÃÂÃÂÃÂÃÂÃÂÃÂÃÂÃÂÃÂÃÂÃÂÃÂÃÂÃÂÃÂÃÂµn, TylerB;PA LLORAR Y NO ECHAR GOTA;23/06/2023;180480;33;['urbano espanol'];;;False
i like the way you kiss me;Artemas;i like the way you kiss me;19/03/2024;142514;83;[];;;False
Balling - LÃÂÃÂÃÂÃÂÃÂÃÂÃÂÃÂÃÂÃÂÃÂÃÂÃÂÃÂÃÂÃÂÃÂÃÂÃÂÃÂÃÂÃÂÃÂÃÂÃÂÃÂÃÂÃÂÃÂÃÂÃÂÃÂÃÂÃÂÃÂÃÂÃÂÃÂÃÂÃÂÃÂÃÂÃÂÃÂÃÂÃÂÃÂÃÂÃÂÃÂÃÂÃÂÃÂÃÂÃÂÃÂÃÂÃÂÃÂÃÂÃÂÃÂÃÂÃÂUFF Remix;Vibe Chemistry, LÃÂÃÂÃÂÃÂÃÂÃÂÃÂÃÂÃÂÃÂÃÂÃÂÃÂÃÂÃÂÃÂÃÂÃÂÃÂÃÂÃÂÃÂÃÂÃÂÃÂÃÂÃÂÃÂÃÂÃÂÃÂÃÂÃÂÃÂÃÂÃÂÃÂÃÂÃÂÃÂÃÂÃÂÃÂÃÂÃÂÃÂÃÂÃÂÃÂÃÂÃÂÃÂÃÂÃÂÃÂÃÂÃÂÃÂÃÂÃÂÃÂÃÂÃÂÃÂUFF;Balling (LÃÂÃÂÃÂÃÂÃÂÃÂÃÂÃÂÃÂÃÂÃÂÃÂÃÂÃÂÃÂÃÂÃÂÃÂÃÂÃÂÃÂÃÂÃÂÃÂÃÂÃÂÃÂÃÂÃÂÃÂÃÂÃÂÃÂÃÂÃÂÃÂÃÂÃÂÃÂÃÂÃÂÃÂÃÂÃÂÃÂÃÂÃÂÃÂÃÂÃÂÃÂÃÂÃÂÃÂÃÂÃÂÃÂÃÂÃÂÃÂÃÂÃÂÃÂÃÂUFF Remix);18/08/2023;260689;59;['uk dance'];;;False
Festa noi;Me Das Mucho Amor, MDMA Music;Festa noi;25/04/2024;76800;20;[];;;False
The Spark;Kabin Crew, Lisdoonvarna Crew;The Spark;13/06/2024;146384;68;[];;;False
Jhay Cortez - Tokyo (Broken Lip EDIT);Broken Lip;Gazpachuelo (VOL.1);19/01/2022;146142;36;['flamenco electronica'];;;False
EINS ZWEI;ZAPRAVKA;EINS ZWEI;01/03/2024;141818;55;['hard bass'];;;False
No Vale Na;Chico Blanco;Life After House;30/09/2019;374926;0;['urbano espanol'];;;False
Lullaby;Chico Blanco;Life After House;30/09/2019;252591;0;['urbano espanol'];;;False
Lost Like Wally;Chico Blanco;Life After House;30/09/2019;288000;0;['urbano espanol'];;;False
El cole no es para siempre;Chico Blanco;El cole no es para siempre;30/01/2020;228000;0;['urbano espanol'];;;False
Gominola;Chico Blanco;Gominola;13/03/2020;220687;0;['urbano espanol'];;;False
El cole no es para siempre;Chico Blanco;Gominola;13/03/2020;228000;0;['urbano espanol'];;;False
STOP;Chico Blanco, SIMONA;STOP;25/08/2022;266625;0;['urbano espanol', 'pop electronico'];;;False
CURIOSEA;Chico Blanco;FOREVER 21 (VOL.1);04/10/2023;180289;11;['urbano espanol'];;;False
Palante - Chico Blanco Remix;Stephen Please, Chico Blanco;Palante (Chico Blanco Remix);12/05/2020;179204;8;['urbano espanol', 'hyperpop en espanol'];;;False
Colacao;Boyanka Kostova;Vella CanciÃÂÃÂÃÂÃÂÃÂÃÂÃÂÃÂÃÂÃÂÃÂÃÂÃÂÃÂÃÂÃÂÃÂÃÂÃÂÃÂÃÂÃÂÃÂÃÂÃÂÃÂÃÂÃÂÃÂÃÂÃÂÃÂÃÂÃÂÃÂÃÂÃÂÃÂÃÂÃÂÃÂÃÂÃÂÃÂÃÂÃÂÃÂÃÂÃÂÃÂÃÂÃÂÃÂÃÂÃÂÃÂÃÂÃÂÃÂÃÂÃÂÃÂÃÂÃÂ³n Galega;26/03/2018;230118;22;['rap galego'];;;False
Keep It Up;DJ Crisps;Keep It Up;18/03/2022;358261;14;['2-step'];;;False
Carnage;Trends, Boylan;Ninety Nine;07/07/2023;313500;10;['grimewave', 'instrumental grime'];;;False
Fall From A Star;Kill Paradise;The Second Effect;06/11/2009;246906;27;['electropowerpop'];;;False
Let It Breathe;Villem, Mcleod, Leo Wood;Playing the Changes;14/09/2018;289755;29;['deep liquid bass', 'liquid funk'];;;False
Ostblock2;RekuudoTekk;Ostblock2;20/02/2023;150845;40;[];;;False
Different Side;Michael Bibi, KinAhau, Audio Bullys;Different Side;03/03/2023;193710;54;['big beat', 'tech house'];;;False
Lluvias de marzo_remix x [Plasaporros];VVV [Trippin'you], Plasaporros;Turboviolencia_remixes;10/11/2022;182195;23;['indie canario'];;;False
ÃÂÃÂÃÂÃÂÃÂÃÂÃÂÃÂÃÂÃÂÃÂÃÂÃÂÃÂÃÂÃÂÃÂÃÂÃÂÃÂÃÂÃÂÃÂÃÂÃÂÃÂÃÂÃÂÃÂÃÂÃÂÃÂÃÂÃÂÃÂÃÂÃÂÃÂÃÂÃÂÃÂÃÂÃÂÃÂÃÂÃÂÃÂÃÂÃÂÃÂÃÂÃÂÃÂÃÂÃÂÃÂÃÂÃÂÃÂÃÂÃÂÃÂÃÂÃÂgrabah;AEREA;ÃÂÃÂÃÂÃÂÃÂÃÂÃÂÃÂÃÂÃÂÃÂÃÂÃÂÃÂÃÂÃÂÃÂÃÂÃÂÃÂÃÂÃÂÃÂÃÂÃÂÃÂÃÂÃÂÃÂÃÂÃÂÃÂÃÂÃÂÃÂÃÂÃÂÃÂÃÂÃÂÃÂÃÂÃÂÃÂÃÂÃÂÃÂÃÂÃÂÃÂÃÂÃÂÃÂÃÂÃÂÃÂÃÂÃÂÃÂÃÂÃÂÃÂÃÂÃÂgrabah;11/07/2022;315428;14;[];;;False
Los ÃÂÃÂÃÂÃÂÃÂÃÂÃÂÃÂÃÂÃÂÃÂÃÂÃÂÃÂÃÂÃÂÃÂÃÂÃÂÃÂÃÂÃÂÃÂÃÂÃÂÃÂÃÂÃÂÃÂÃÂÃÂÃÂÃÂÃÂÃÂÃÂÃÂÃÂÃÂÃÂÃÂÃÂÃÂÃÂÃÂÃÂÃÂÃÂÃÂÃÂÃÂÃÂÃÂÃÂÃÂÃÂÃÂÃÂÃÂÃÂÃÂÃÂÃÂÃÂcidos de Marcos;Javi Rayante;Los ÃÂÃÂÃÂÃÂÃÂÃÂÃÂÃÂÃÂÃÂÃÂÃÂÃÂÃÂÃÂÃÂÃÂÃÂÃÂÃÂÃÂÃÂÃÂÃÂÃÂÃÂÃÂÃÂÃÂÃÂÃÂÃÂÃÂÃÂÃÂÃÂÃÂÃÂÃÂÃÂÃÂÃÂÃÂÃÂÃÂÃÂÃÂÃÂÃÂÃÂÃÂÃÂÃÂÃÂÃÂÃÂÃÂÃÂÃÂÃÂÃÂÃÂÃÂÃÂcidos de Marcos;05/05/2019;248268;1;[];;;False
guardian angel;lucigarci, Faxu, 60k Cvndy;guardian angel;11/08/2023;106666;24;['hyperpop en espanol'];;;False
Ease My Mind (feat. Niki and the Dove);Skrillex, Niki & The Dove;Recess;14/03/2014;302520;49;['complextro', 'swedish synthpop', 'edm', 'brostep', 'indietronica', 'swedish indie pop', 'swedish electropop', 'electro', 'metropopolis', 'pop dance'];;;False
Let's go;DONGURIZU;DONGRHYTHM;28/06/2024;146867;35;['japanese alternative pop'];;;False
Atmosphere;FISHER, Kita Alexander;Atmosphere;11/08/2023;182857;73;['aussietronica', 'australian house', 'house', 'australian indie'];;;False
Guess featuring billie eilish;Charli xcx, Billie Eilish;Guess featuring billie eilish;01/08/2024;143330;82;['art pop', 'uk pop', 'pop', 'candy pop', 'metropopolis'];;;False
summer on the inside;warner case, Jean Tonique, Max Kaluza;summer on the inside;30/07/2021;205166;68;['filter house', 'nu disco', 'new french touch', 'indie soul'];;;False
Fake ID (Coke & Rum Remix);Riton, Kah-Lo, GEE LEE;Fake ID (Coke & Rum Remix);15/12/2022;126720;73;['uk dance', 'nigerian pop', 'rally house', 'house', 'pop dance'];;;False
Would You (go to bed with me?);Campbell, Alcemist;Would You (go to bed with me?);21/07/2023;120522;68;['charva'];;;False
Back to the Groove;Justin Jay, coldsweat, DJ Deeon;Back to the Groove;30/05/2024;269625;45;['deep disco house', 'fidget house', 'ghettotech'];;;False
Yai Yai;Mohama Saz;MÃÂÃÂÃÂÃÂÃÂÃÂÃÂÃÂÃÂÃÂÃÂÃÂÃÂÃÂÃÂÃÂÃÂÃÂÃÂÃÂÃÂÃÂÃÂÃÂÃÂÃÂÃÂÃÂÃÂÃÂÃÂÃÂÃÂÃÂÃÂÃÂÃÂÃÂÃÂÃÂÃÂÃÂÃÂÃÂÃÂÃÂÃÂÃÂÃÂÃÂÃÂÃÂÃÂÃÂÃÂÃÂÃÂÃÂÃÂÃÂÃÂÃÂÃÂÃÂ¡quina de Guerra;12/01/2024;260522;3;['spanish psychedelic rock'];;;False
Tu Tiens a la Vie;Guigoo;Tu Tiens a la Vie;18/07/2018;285600;15;['tekno', 'raggatek'];;;False
No Quiero Verte;Chico Blanco;Gominola;13/03/2020;236107;11;['urbano espanol'];;;False
Woops - Original Remastered Mix;Dj Bountyhunter;Woops;26/10/2015;256821;43;[];;;False
leavemealone;Fred again.., Baby Keem;USB;09/04/2024;222784;25;['edm', 'stutter house', 'rap', 'hip hop', 'house'];;;False
Morenita;HUGEL, Cumbiafrica;Morenita;25/06/2021;176491;69;['deep house'];;;False
10 Drunk Cigarettes;Girly Girl Productions;DEMURE;14/08/2024;125142;22;[];;;False
Quiere Vacilar Na MÃÂÃÂÃÂÃÂÃÂÃÂÃÂÃÂÃÂÃÂÃÂÃÂÃÂÃÂÃÂÃÂÃÂÃÂÃÂÃÂÃÂÃÂÃÂÃÂÃÂÃÂÃÂÃÂÃÂÃÂÃÂÃÂÃÂÃÂÃÂÃÂÃÂÃÂÃÂÃÂÃÂÃÂÃÂÃÂÃÂÃÂÃÂÃÂÃÂÃÂÃÂÃÂÃÂÃÂÃÂÃÂÃÂÃÂÃÂÃÂÃÂÃÂÃÂÃÂ¡s;GAZZI, Natural Language;ELLA;13/05/2021;234330;26;['experimental club'];;;False
K On My D + C;Partiboi69, Juicy Romance;Mutual Pleasure 002;28/10/2021;260475;44;['australian house', 'ghettotech'];;;False
Jet Plane;Gusted;Jet Plane;08/12/2022;182409;55;['hypertechno'];;;False
Selecta;Skrillex, BEAM;DonÃÂÃÂÃÂÃÂÃÂÃÂÃÂÃÂÃÂÃÂÃÂÃÂÃÂÃÂÃÂÃÂÃÂÃÂÃÂÃÂÃÂÃÂÃÂÃÂÃÂÃÂÃÂÃÂÃÂÃÂÃÂÃÂ¢ÃÂÃÂÃÂÃÂÃÂÃÂÃÂÃÂÃÂÃÂÃÂÃÂÃÂÃÂÃÂÃÂÃÂÃÂÃÂÃÂÃÂÃÂÃÂÃÂÃÂÃÂÃÂÃÂÃÂÃÂÃÂÃÂÃÂÃÂÃÂÃÂÃÂÃÂÃÂÃÂÃÂÃÂÃÂÃÂÃÂÃÂÃÂÃÂÃÂÃÂÃÂÃÂÃÂÃÂÃÂÃÂÃÂÃÂÃÂÃÂÃÂÃÂÃÂÃÂt Get Too Close;18/02/2023;190476;44;['complextro', 'edm', 'brostep', 'electro', 'trap soul', 'pop dance', 'canadian hip hop'];;;False
searching;wilo wilde;searching;08/05/2024;182706;24;[];;;False
I Follow Rivers - The Magician Remix;Lykke Li, The Magician;I Follow Rivers (The Magician Remix);10/10/2011;280069;69;['art pop', 'belgian edm', 'indietronica', 'neo-synthpop', 'swedish indie pop', 'swedish pop', 'electropop', 'swedish electropop', 'nu disco', 'house'];;;False
Day 'N' Nite - Crookers Remix;Kid Cudi, Crookers;Man On The Moon: The End Of Day (Int'l Version);01/01/2009;281746;63;['pop rap', 'fidget house', 'ohio hip hop', 'rap', 'hip hop'];;;False
NOT.MY.TYPE;AEREA;NOT.MY.TYPE;24/08/2022;205000;22;[];;;False
Only In My Mind;Kenya Grace;Only In My Mind;06/10/2023;161137;53;['singer-songwriter pop'];;;False
I Know;CHEEKS;I Know;17/11/2023;147692;34;['stutter house'];;;False
Lost;Carlos Real;Lost;15/12/2023;232500;18;[];;;False
TRIPPIN;BUNT., Mapei;TRIPPIN;28/06/2024;202881;64;['stutter house', 'swedish soul'];;;False
HER;longstoryshort;HER;03/03/2023;156157;38;['stutter house'];;;False
nasha;Sommaiya Angrish;nasha;11/03/2024;154000;14;[];;;False
just stand there;Fred again.., SOAK;ten days;06/09/2024;260997;62;['irish singer-songwriter', 'edm', 'stutter house', 'derry indie', 'house'];;;False
With You; Friends (Long Drive);Skrillex;Scary Monsters and Nice Sprites (Deluxe Tour Edition);21/12/2010;389023;36;['complextro', 'edm', 'brostep', 'electro', 'pop dance'];;False
Candy Thief;Beatpella House;Candy Thief;30/08/2024;125322;47;[];;;False
Rugrat;Jordan Sanchez;Rugrat;28/06/2024;153070;13;[];;;False
Umtahemd;FÃÂÃÂÃÂÃÂÃÂÃÂÃÂÃÂÃÂÃÂÃÂÃÂÃÂÃÂÃÂÃÂÃÂÃÂÃÂÃÂÃÂÃÂÃÂÃÂÃÂÃÂÃÂÃÂÃÂÃÂÃÂÃÂÃÂÃÂÃÂÃÂÃÂÃÂÃÂÃÂÃÂÃÂÃÂÃÂÃÂÃÂÃÂÃÂÃÂÃÂÃÂÃÂÃÂÃÂÃÂÃÂÃÂÃÂÃÂÃÂÃÂÃÂÃÂÃÂ¤aschtbÃÂÃÂÃÂÃÂÃÂÃÂÃÂÃÂÃÂÃÂÃÂÃÂÃÂÃÂÃÂÃÂÃÂÃÂÃÂÃÂÃÂÃÂÃÂÃÂÃÂÃÂÃÂÃÂÃÂÃÂÃÂÃÂÃÂÃÂÃÂÃÂÃÂÃÂÃÂÃÂÃÂÃÂÃÂÃÂÃÂÃÂÃÂÃÂÃÂÃÂÃÂÃÂÃÂÃÂÃÂÃÂÃÂÃÂÃÂÃÂÃÂÃÂÃÂÃÂ¤nkler;Umtahemd;13/09/2024;143094;52;['neue volksmusik', 'volkspop'];;;False
Tangos De Copera;La Plazuela, Natural Language;Tangos De Copera;16/09/2021;267576;43;['nuevo flamenco'];;;False
kusha las paya - remix;Robzzz;kusha las paya (remix);15/03/2022;156642;23;[];;;False
Ringui Dingui - AndrÃÂÃÂÃÂÃÂÃÂÃÂÃÂÃÂÃÂÃÂÃÂÃÂÃÂÃÂÃÂÃÂÃÂÃÂÃÂÃÂÃÂÃÂÃÂÃÂÃÂÃÂÃÂÃÂÃÂÃÂÃÂÃÂÃÂÃÂÃÂÃÂÃÂÃÂÃÂÃÂÃÂÃÂÃÂÃÂÃÂÃÂÃÂÃÂÃÂÃÂÃÂÃÂÃÂÃÂÃÂÃÂÃÂÃÂÃÂÃÂÃÂÃÂÃÂÃÂ©s Campo Remix;Kase.O, SFDK, Andres Campo;Ringui Dingui (AndrÃÂÃÂÃÂÃÂÃÂÃÂÃÂÃÂÃÂÃÂÃÂÃÂÃÂÃÂÃÂÃÂÃÂÃÂÃÂÃÂÃÂÃÂÃÂÃÂÃÂÃÂÃÂÃÂÃÂÃÂÃÂÃÂÃÂÃÂÃÂÃÂÃÂÃÂÃÂÃÂÃÂÃÂÃÂÃÂÃÂÃÂÃÂÃÂÃÂÃÂÃÂÃÂÃÂÃÂÃÂÃÂÃÂÃÂÃÂÃÂÃÂÃÂÃÂÃÂ©s Campo Remix);17/06/2022;406356;35;['spanish hip hop', 'spanish techno', 'rap politico', 'rap underground espanol'];;;False
Mi puto swag;Teo Lucadamo, JOD;Mi puto swag;14/12/2023;148038;32;[];;;False
LA TOSTADA - Tony G Tapes;Tony Grox, Teo Lucadamo;LA TOSTADA (Tony G Tapes);15/02/2023;145320;40;[];;;False
Hombre Clavo;Chill Mafia Records, Nerve Agent;Agur Eta Ohore X AllÃÂÃÂÃÂÃÂÃÂÃÂÃÂÃÂÃÂÃÂÃÂÃÂÃÂÃÂÃÂÃÂÃÂÃÂÃÂÃÂÃÂÃÂÃÂÃÂÃÂÃÂÃÂÃÂÃÂÃÂÃÂÃÂÃÂÃÂÃÂÃÂÃÂÃÂÃÂÃÂÃÂÃÂÃÂÃÂÃÂÃÂÃÂÃÂÃÂÃÂÃÂÃÂÃÂÃÂÃÂÃÂÃÂÃÂÃÂÃÂÃÂÃÂÃÂÃÂ¡ Va La Despedida;18/09/2024;207272;35;['euskal reggae'];;;False
Phonky Tribu;Funk Tribu;The Midnight Club GT;21/10/2021;286145;58;[];;;False
DIE LIEBE KOMMT NICHT AUS BERLIN;Brutalismus 3000;ULTRAKUNST;07/04/2023;206626;54;['nu gabber'];;;False
SOÃÂÃÂÃÂÃÂÃÂÃÂÃÂÃÂÃÂÃÂÃÂÃÂÃÂÃÂÃÂÃÂÃÂÃÂÃÂÃÂÃÂÃÂÃÂÃÂÃÂÃÂÃÂÃÂÃÂÃÂÃÂÃÂÃÂÃÂÃÂÃÂÃÂÃÂÃÂÃÂÃÂÃÂÃÂÃÂÃÂÃÂÃÂÃÂÃÂÃÂÃÂÃÂÃÂÃÂÃÂÃÂÃÂÃÂÃÂÃÂÃÂÃÂÃÂÃÂAR;EARGASM GOD;SOÃÂÃÂÃÂÃÂÃÂÃÂÃÂÃÂÃÂÃÂÃÂÃÂÃÂÃÂÃÂÃÂÃÂÃÂÃÂÃÂÃÂÃÂÃÂÃÂÃÂÃÂÃÂÃÂÃÂÃÂÃÂÃÂÃÂÃÂÃÂÃÂÃÂÃÂÃÂÃÂÃÂÃÂÃÂÃÂÃÂÃÂÃÂÃÂÃÂÃÂÃÂÃÂÃÂÃÂÃÂÃÂÃÂÃÂÃÂÃÂÃÂÃÂÃÂÃÂAR;02/03/2021;337671;49;['nu gabber'];;;False
Why's this dealer?;Niko B;Why's this dealer?;29/08/2024;129571;64;[];;;False
Hasta Tarde (Till Late);Kid Simius, Chico Blanco;JOSÃÂÃÂÃÂÃÂÃÂÃÂÃÂÃÂÃÂÃÂÃÂÃÂÃÂÃÂÃÂÃÂÃÂÃÂÃÂÃÂÃÂÃÂÃÂÃÂÃÂÃÂÃÂÃÂÃÂÃÂÃÂÃÂÃÂÃÂÃÂÃÂÃÂÃÂÃÂÃÂÃÂÃÂÃÂÃÂÃÂÃÂÃÂÃÂÃÂÃÂÃÂÃÂÃÂÃÂÃÂÃÂÃÂÃÂÃÂÃÂÃÂÃÂÃÂÃÂ;23/08/2024;349180;12;['urbano espanol'];;;False
El Ritmo & Yo;Chico Blanco;MARICAS (Compilation Vol. 2);01/03/2024;319805;11;['urbano espanol'];;;False
SuperglÃÂÃÂÃÂÃÂÃÂÃÂÃÂÃÂÃÂÃÂÃÂÃÂÃÂÃÂÃÂÃÂÃÂÃÂÃÂÃÂÃÂÃÂÃÂÃÂÃÂÃÂÃÂÃÂÃÂÃÂÃÂÃÂÃÂÃÂÃÂÃÂÃÂÃÂÃÂÃÂÃÂÃÂÃÂÃÂÃÂÃÂÃÂÃÂÃÂÃÂÃÂÃÂÃÂÃÂÃÂÃÂÃÂÃÂÃÂÃÂÃÂÃÂÃÂÃÂº;Teuma Thug;SuperglÃÂÃÂÃÂÃÂÃÂÃÂÃÂÃÂÃÂÃÂÃÂÃÂÃÂÃÂÃÂÃÂÃÂÃÂÃÂÃÂÃÂÃÂÃÂÃÂÃÂÃÂÃÂÃÂÃÂÃÂÃÂÃÂÃÂÃÂÃÂÃÂÃÂÃÂÃÂÃÂÃÂÃÂÃÂÃÂÃÂÃÂÃÂÃÂÃÂÃÂÃÂÃÂÃÂÃÂÃÂÃÂÃÂÃÂÃÂÃÂÃÂÃÂÃÂÃÂº;11/08/2021;186352;20;['trap catala'];;;False
Clouds;BUNT., Nate Traveller;Levi Don't Do It;19/01/2024;158760;76;['stutter house'];;;False
Zure Kebapa;Chill Mafia Records, Tatxers;Ezorregatik X Berpizkundea;14/02/2021;283725;30;['euskal rock', 'euskal reggae'];;;False
ronaldinho;1111, 9ckles, Armas, Fedra, ru0001;la mil ciento once;28/10/2022;132713;35;['hyperpop en espanol'];;;False
Fahrradsattel;Pisse;KohlrÃÂÃÂÃÂÃÂÃÂÃÂÃÂÃÂÃÂÃÂÃÂÃÂÃÂÃÂÃÂÃÂÃÂÃÂÃÂÃÂÃÂÃÂÃÂÃÂÃÂÃÂÃÂÃÂÃÂÃÂÃÂÃÂÃÂÃÂÃÂÃÂÃÂÃÂÃÂÃÂÃÂÃÂÃÂÃÂÃÂÃÂÃÂÃÂÃÂÃÂÃÂÃÂÃÂÃÂÃÂÃÂÃÂÃÂÃÂÃÂÃÂÃÂÃÂÃÂ¼benwinter;19/09/2016;109049;58;[];;;False
Feed Your Soul;Interupt;Feed Your Soul;28/04/2023;157241;25;['bassline'];;;False
Hurt;Maikubi, VOLT VISION;Hurt;13/01/2023;127440;47;['gym phonk', 'drift phonk'];;;False
Cada superficie;Casero;estoy exagerando???;08/11/2024;155145;30;['tontipop'];;;False
Nightcall;Kavinsky;Nightcall;2010;258413;72;['filter house'];;;False
Rewind;Highkili, Guim;Rewind;14/04/2023;150229;13;['indie canario'];;;False
DÃÂÃÂÃÂÃÂÃÂÃÂÃÂÃÂÃÂÃÂÃÂÃÂÃÂÃÂÃÂÃÂÃÂÃÂÃÂÃÂÃÂÃÂÃÂÃÂÃÂÃÂÃÂÃÂÃÂÃÂÃÂÃÂÃÂÃÂÃÂÃÂÃÂÃÂÃÂÃÂÃÂÃÂÃÂÃÂÃÂÃÂÃÂÃÂÃÂÃÂÃÂÃÂÃÂÃÂÃÂÃÂÃÂÃÂÃÂÃÂÃÂÃÂÃÂÃÂ³nde estÃÂÃÂÃÂÃÂÃÂÃÂÃÂÃÂÃÂÃÂÃÂÃÂÃÂÃÂÃÂÃÂÃÂÃÂÃÂÃÂÃÂÃÂÃÂÃÂÃÂÃÂÃÂÃÂÃÂÃÂÃÂÃÂÃÂÃÂÃÂÃÂÃÂÃÂÃÂÃÂÃÂÃÂÃÂÃÂÃÂÃÂÃÂÃÂÃÂÃÂÃÂÃÂÃÂÃÂÃÂÃÂÃÂÃÂÃÂÃÂÃÂÃÂÃÂÃÂ¡ er camino;VAN17INO6, Robzzz, Plasaporros;ER PATIO LOS NEONES;09/07/2021;253261;22;[];;;False
Quizz;VAN17INO6, Killmiya, Plasaporros;ER PATIO LOS NEONES;09/07/2021;123479;16;[];;;False
Warra;VAN17INO6, Chico Blanco;ER PATIO LOS NEONES;09/07/2021;185335;16;['urbano espanol'];;;False
100 pistas;VAN17INO6, Plasaporros;ER PATIO LOS NEONES;09/07/2021;225489;8;[];;;False
Psycho Dreams (Sped Up);Kill Eva, ENCASSATOR;Psycho Dreams (Sped Up);17/03/2023;123333;71;[];;;False
Como Se Dice;Perra Inmunda, Chico Blanco;Como Se Dice;13/11/2024;269094;28;['urbano espanol'];;;False
Mira La NiÃÂÃÂÃÂÃÂÃÂÃÂÃÂÃÂÃÂÃÂÃÂÃÂÃÂÃÂÃÂÃÂÃÂÃÂÃÂÃÂÃÂÃÂÃÂÃÂÃÂÃÂÃÂÃÂÃÂÃÂÃÂÃÂÃÂÃÂÃÂÃÂÃÂÃÂÃÂÃÂÃÂÃÂÃÂÃÂÃÂÃÂÃÂÃÂÃÂÃÂÃÂÃÂÃÂÃÂÃÂÃÂÃÂÃÂÃÂÃÂÃÂÃÂÃÂÃÂ±a_Chico Blanco_Remix;La Plazuela, Chico Blanco;RONEO FUNK CLUB_REMIXED;05/10/2023;306700;19;['urbano espanol', 'nuevo flamenco'];;;False
Diva;Javiera Mena, Chico Blanco;Nocturna;30/09/2022;206832;16;['pop chileno', 'chilean indie', 'electronica chilena', 'urbano espanol', 'pop electronico', 'chilean rock'];;;False
Techo;Ciutat, Chico Blanco;Brandon;27/01/2023;250246;20;['urbano espanol'];;;False
Alas para Volar;Colectivo Da Silva, Chico Blanco;Vacaciones;25/10/2019;203089;10;['granada indie', 'urbano espanol', 'tontipop'];;;False
Bipolar;Sandro Jeeawock, Chico Blanco, Swallow X;Lucky Luciano;27/07/2018;141818;2;['urbano espanol', 'hyperpop en espanol'];;;False
La Carta Exagerada - Chico Blanco Remix;Hidrogenesse, Chico Blanco;La Carta Exagerada (Chico Blanco Remix);18/11/2020;372396;6;['urbano espanol', 'spanish indie pop', 'spanish noise pop'];;;False
Mama; avui tampoc dormo a casa - Hadren Remix;LaFrancesssa, Hadren, Chico Blanco;Hard Cor fa un pensa (Remixes);11/05/2023;196400;3;['urbano espanol'];;False
Chico Serio;Hnos Munoz, GAZZI;Chico Serio;14/07/2022;218880;31;['r&b en espanol', 'experimental club'];;;False
QuÃÂÃÂÃÂÃÂÃÂÃÂÃÂÃÂÃÂÃÂÃÂÃÂÃÂÃÂÃÂÃÂÃÂÃÂÃÂÃÂÃÂÃÂÃÂÃÂÃÂÃÂÃÂÃÂÃÂÃÂÃÂÃÂÃÂÃÂÃÂÃÂÃÂÃÂÃÂÃÂÃÂÃÂÃÂÃÂÃÂÃÂÃÂÃÂÃÂÃÂÃÂÃÂÃÂÃÂÃÂÃÂÃÂÃÂÃÂÃÂÃÂÃÂÃÂÃÂ© Tengo Que Hacer;GAZZI;Puro Mareo (Vol. 2);06/05/2022;280615;7;['experimental club'];;;False
I Like It;Perra Inmunda, Chico Blanco;Chico Perra;27/11/2024;210239;21;['urbano espanol'];;;False
Ayer Te Vi;Perra Inmunda, Chico Blanco;Chico Perra;27/11/2024;377506;19;['urbano espanol'];;;False
Ocean;FISHER, AR/CO;Ocean;29/11/2024;196923;65;['australian house', 'house', 'pop dance'];;;False
Color Blind;Diplo, Lil Xan;Color Blind;22/03/2018;177480;54;['edm', 'electro house', 'dance pop', 'cloud rap', 'pop dance', 'moombahton'];;;False
Jenny (I Wanna Ruin Our Friendship);Studio Killers;Jenny (I Wanna Ruin Our Friendship);04/12/2020;215280;66;[];;;False
Mi FÃÂÃÂÃÂÃÂÃÂÃÂÃÂÃÂÃÂÃÂÃÂÃÂÃÂÃÂÃÂÃÂÃÂÃÂÃÂÃÂÃÂÃÂÃÂÃÂÃÂÃÂÃÂÃÂÃÂÃÂÃÂÃÂÃÂÃÂÃÂÃÂÃÂÃÂÃÂÃÂÃÂÃÂÃÂÃÂÃÂÃÂÃÂÃÂÃÂÃÂÃÂÃÂÃÂÃÂÃÂÃÂÃÂÃÂÃÂÃÂÃÂÃÂÃÂÃÂ¡brica de Baile;Hnos Munoz, Joe CrepÃÂÃÂÃÂÃÂÃÂÃÂÃÂÃÂÃÂÃÂÃÂÃÂÃÂÃÂÃÂÃÂÃÂÃÂÃÂÃÂÃÂÃÂÃÂÃÂÃÂÃÂÃÂÃÂÃÂÃÂÃÂÃÂÃÂÃÂÃÂÃÂÃÂÃÂÃÂÃÂÃÂÃÂÃÂÃÂÃÂÃÂÃÂÃÂÃÂÃÂÃÂÃÂÃÂÃÂÃÂÃÂÃÂÃÂÃÂÃÂÃÂÃÂÃÂÃÂºsculo;Mi FÃÂÃÂÃÂÃÂÃÂÃÂÃÂÃÂÃÂÃÂÃÂÃÂÃÂÃÂÃÂÃÂÃÂÃÂÃÂÃÂÃÂÃÂÃÂÃÂÃÂÃÂÃÂÃÂÃÂÃÂÃÂÃÂÃÂÃÂÃÂÃÂÃÂÃÂÃÂÃÂÃÂÃÂÃÂÃÂÃÂÃÂÃÂÃÂÃÂÃÂÃÂÃÂÃÂÃÂÃÂÃÂÃÂÃÂÃÂÃÂÃÂÃÂÃÂÃÂ¡brica de Baile;14/12/2023;148064;41;['r&b en espanol', 'spanish indie pop', 'spanish noise pop'];;;False
heavy;MAYV;heavy;16/12/2024;173731;16;[];;;False
Gibraltar;Soto Asa;Gibraltar;09/12/2022;208375;41;['urbano espanol'];;;False
